pregunta,opciones,respuesta,dificultad,universidad,tema,imagen
¿Cuántas horas estudió Lía?,A) 2 horas ; B) 4 horas ; C) 6 horas ; D) 8 horas,A,0.5,UNAM,General,
¿Cuánto vale el ancho?,A) 2 cm ; B) 3 cm ; C) 4 cm ; D) 5 cm,A,0.5,UNAM,General,
¿En cuánto tiempo tendrán la misma cantidad de agua ambos tanques?,A) 10 minutos ; B) 20 minutos ; C) 30 minutos ; D) 40 minutos,A,0.6,UNAM,General,
¿Qué edad tiene Frida actualmente?,A) 10 años ; B) 15 años ; C) 20 años ; D) 25 años,A,0.5,UNAM,General,
¿Cuánto costaba cada boleto?,A) 20 pesos ; B) 40 pesos ; C) 60 pesos ; D) 80 pesos,A,0.4,UNAM,General,
¿Cuál es la ecuación cuyas soluciones son y ?,A) x^2 + 3x + 2 = 0 ; B) x^2 - 3x + 2 = 0 ; C) x^2 + 2x - 3 = 0 ; D) x^2 - 2x - 3 = 0,A,0.7,UNAM,Matemáticas,
"Si una de las raíces de la ecuación es , el valor de a, es:",A) 1 ; B) 2 ; C) 3 ; D) 4,A,0.6,UNAM,Matemáticas,
¿Cuál es el intervalo solución de ?,"A) (-∞, 2) ; B) (2, ∞) ; C) (-∞, -2) ; D) (-2, ∞)",A,0.7,UNAM,Matemáticas,
"El intervalo solución que se obtiene al resolver la desigualdad , es:","A) (-∞, 3) ; B) (3, ∞) ; C) (-∞, -3) ; D) (-3, ∞)",A,0.7,UNAM,Matemáticas,
¿Cuál es la menor calificación que puede obtener Arturo en el quinto examen para exentar la materia?,A) 7.0 ; B) 7.5 ; C) 8.0 ; D) 8.5,A,0.5,UNAM,General,
"¿A qué tipo de ficha pertenece la siguiente información: autor, año de publicación, título del artículo, título de la revista, volumen, país?",A) Ficha hemerográfica ; B) Ficha de libro ; C) Ficha de artículo ; D) Ficha de revista,A,0.5,UNAM / IPN,General,
¿Cuál es la forma del discurso de “Era un hombre viejo”?,A) Descripción ; B) Narración ; C) Exposición ; D) Argumentación,A,0.5,UNAM / IPN,General,
¿Cuál es la función de la lengua en “El catecismo sirve para memorizar oraciones”?,A) Referencial ; B) Apelativa ; C) Emotiva ; D) Conativa,A,0.5,UNAM / IPN,General,
¿Cuál es la palabra con ortografía correcta?,A) Compungido ; B) Subrayar ; C) Alrededor ; D) Vicerrector,A,0.5,UNAM / IPN,General,
¿Cuál es el antónimo de anómalo?,A) Formal ; B) Regular ; C) Normal ; D) Común,A,0.5,UNAM / IPN,General,
¿Cuál es la analogía de “Sonrisa es a diversión” como?,A) Bostezo a aburrimiento ; B) Risas a alegría ; C) Llanto a tristeza ; D) Grito a enfado,A,0.5,UNAM / IPN,General,
¿Cuál es el sinónimo de avatar?,A) Cambio ; B) Vicisitud ; C) Transformación ; D) Metamorfosis,A,0.5,UNAM / IPN,General,
¿Cuál es el antónimo de converger?,A) Diverger ; B) Converger ; C) Emerger ; D) Surgir,A,0.5,UNAM / IPN,General,
"¿Cuál es la forma del discurso del siguiente texto: “Todo mundo tiene que saber perdonar, quien dice perdonar, pero no olvida, no le crean, porque perdonar es olvidar”?",A) Argumentación ; B) Descripción ; C) Narración ; D) Exposición,A,0.5,UNAM / IPN,General,
¿Cuál es el período en que el gobierno de Miguel Alemán se vendió petróleo y acero?,A) Milagro mexicano ; B) Porfiriato ; C) Revolución mexicana ; D) Guerra de Independencia,A,0.5,UNAM / IPN,Historia de México,
¿Cuál es la causa interna que favoreció la independencia de México?,A) Criollos subestimados y subyugados ; B) Españoles opresores ; C) Indígenas rebeldes ; D) Africanos esclavos,A,0.5,UNAM / IPN,Historia de México,
¿Cuál es la causa por la cual Francia invadió por segunda ocasión a México?,A) Suspensión del pago de la deuda ; B) Apoyo a los conservadores ; C) Interés en el petróleo ; D) Protección a los ciudadanos franceses,A,0.5,UNAM / IPN,Historia de México,
¿Cuál es el propósito del imperialismo a finales del siglo XIX?,A) Expansión territorial de las potencias ; B) Protección a los ciudadanos ; C) Fomento al comercio ; D) Ayuda humanitaria,A,0.5,UNAM / IPN,Historia de México,
¿Cuáles son las regiones del mundo que reciben mayor número de migrantes?,A) Norteamérica y Europa ; B) Sudamérica y África ; C) Asia y Oceanía ; D) América Central y del Sur,A,0.5,UNAM / IPN,Geografía,
¿Cuál es la principal fuente de abastecimiento de agua dulce para los continentes?,A) Precipitación ; B) Ríos ; C) Lagos ; D) Glaciares,A,0.5,UNAM / IPN,Geografía,
"¿Cuál es el tipo de ficha que pertenecen los siguientes datos: año 1993, n°3, páginas 22-24, “título del artículo”, autor, en vuelta, (nombre de la revista)?",A) Hemerográfica ; B) Bibliográfica ; C) Biográfica ; D) Autobiográfica,A,0.5,UNAM / IPN,Español,
¿Cuál es el sinónimo de la palabra subrayada en el contexto del siguiente enunciado: “Siempre ha causado conflicto que los hombres en su más profundo dolor”?,A) Intenso ; B) Fuerte ; C) Profundo ; D) Grave,A,0.5,UNAM / IPN,Español,
"¿Cuáles son los compuestos que favorecen una reacción, son estructurales y favorecen la función enzimática?",A) Proteínas ; B) Carbohidratos ; C) Lípidos ; D) Ácidos nucleicos,A,0.5,UNAM / IPN,Química,
¿Cuál es la causa de un aumento en el CO2 en la atmósfera?,A) Quema de combustibles fósiles ; B) Deforestación ; C) Erupciones volcánicas ; D) Cambios climáticos,A,0.5,UNAM / IPN,Química,
¿Cuál es un ácido fuerte?,A) H2SO4 ; B) HCl ; C) HNO3 ; D) H3PO4,A,0.5,UNAM / IPN,Química,
¿Cuál es la lluvia ácida?,A) H2SO4 + CaCO3 → CaSO4 + CO2 + H2O ; B) HCl + NaOH → NaCl + H2O ; C) HNO3 + Ca(OH)2 → Ca(NO3)2 + H2O ; D) H3PO4 + Ca(OH)2 → Ca3(PO4)2 + H2O,A,0.5,UNAM / IPN,Química,
¿Cuál es la masa molar del CH3COOH?,A) 60 g/mol ; B) 50 g/mol ; C) 40 g/mol ; D) 30 g/mol,A,0.5,UNAM / IPN,Química,
¿Cuál es el proceso por el cual se van regenerando las células que se desgastan?,A) Mitosis ; B) Meiosis ; C) Fotosíntesis ; D) Respiración celular,A,0.5,UNAM / IPN,Biología,
¿Cuál es el proceso de fosilización?,A) Impresión ; B) Inclusión ; C) Petrificación ; D) Diagénesis,A,0.5,UNAM / IPN,Biología,
¿Cuál es el ácido nucleico que se encarga de llevar los aminoácidos a los ribosomas?,A) ARNt ; B) ARNm ; C) ARNr ; D) ADN,A,0.5,UNAM / IPN,Biología,
¿Cuál es el postulado de Lamarck?,A) Mutaciones neutras ; B) Selección natural ; C) Herencia de características adquiridas ; D) Evolución por saltos,C,0.5,UNAM / IPN,Biología,
¿Cuál es la función de la clorofila en la fotosíntesis?,A) Captar fotones ; B) Sintetizar glucosa ; C) Liberar oxígeno ; D) Absorber dióxido de carbono,A,0.5,UNAM / IPN,Biología,
¿Cuál es el proceso de esporulación?,A) Reproducción ; B) Fotosíntesis ; C) Respiración celular ; D) Fermentación,A,0.5,UNAM / IPN,Biología,
¿Cuál es la característica de la tragedia?,A) Forma dramática en donde el protagonista se rebela ante su destino para finalmente morir o lastimarse física o moralmente y se restablece el orden ; B) Forma dramática en donde el protagonista se rebela ante su destino para finalmente triunfar ; C) Forma dramática en donde el protagonista se somete a su destino ; D) Forma dramática en donde el protagonista es un personaje secundario,A,0.5,UNAM / IPN,Literatura,
¿A qué corriente literaria pertenece el escritor francés Gustav Flaubert?,A) Realismo ; B) Romanticismo ; C) Naturalismo ; D) Simbolismo,A,0.5,UNAM / IPN,Literatura,
"¿Cuál es el género literario al que pertenece el siguiente fragmento: “Buenos días, aurora (grita) Buenos días, ni un alma (grita)”?",A) Dramático ; B) Lírico ; C) Narrativo ; D) Expositivo,A,0.5,UNAM / IPN,Literatura,
Algunos de los puntos que destacan de la constitución de Apatzingán de 1814 son:,A) 1 2 3 6 ; B) 1 4 5 7 ; C) 2 5 6 7 ; D) 3 4 5 6,A,0.5,VARIAS,Historia de México,
Primera forma de gobierno que se estableció en el México independiente,A) dictadura ; B) república federal ; C) monarquía ; D) imperio,D,0.5,VARIAS,Historia de México,
"Por los gobiernos surgidos de la revolución de Ayutla, se establecieron los:",A) conceptos conservadores de gobierno ; B) principios de la teocracia libera ; C) conceptos del centralismo ; D) principios liberales en el gobierno,D,0.5,VARIAS,Historia de México,
Durante el Porfiriato la ________ fue una de las obras más relevantes.,A) Creación de universidad obrera ; B) Aplicación de la educación socialista ; C) Aplicación de la educación laica ; D) Creación de la universidad nacional,C,0.5,VARIAS,Historia de México,
Relaciona las características con las diferentes etapas de la revolución mexicana,A) 1d 2a 3b 4c ; B) 1a 2b 3c 4d ; C) 1b 2c 3a 4d ; D) 1d 2c 3b 4a,B,0.5,VARIAS,Historia de México,
El período de 1928 a 1934 con el que Plutarco Elías Calles encontró la política mexicana manipulando a los presidentes en turno se le denomina,A) decena trágica ; B) plan sexenal ; C) callismo ; D) maximato,D,0.5,VARIAS,Historia de México,
Al general Lázaro Cárdenas se le considera el creador del estado mexicano porque,A) Crea el PRM con los sectores campesinos y militar ; B) Los partidos de la derecha y religiosos ; C) Propuso las bases para la política internacional de México ; D) limita la participación política de las órdenes religiosas,C,0.5,VARIAS,Historia de México,
"El nacionalismo exacerbado del imperialismo, el armamentismo y las alianzas con fines militares fueron causa de:",A) guerra de los 7 días ; B) segunda guerra mundial ; C) guerra fría ; D) crisis de los misiles,B,0.5,VARIAS,Historia de México,
Durante la guerra fría el mundo se polarizó formando 2 bloques. En la lista de características que se anotan a continuación elige cuáles corresponden a cada uno,A) Iabc IIade ; B) Iabcd IIce ; C) Ide IIabc ; D) Ibc IIade,D,0.5,VARIAS,Historia de México,
"La construcción del muro de Berlin, la crisis de los misiles y la carrera armamentista, fueron acontecimientos que se desarrollaron durante el periodo conocido como:",A) reunificación alemana ; B) globalización económica ; C) guerra fría ; D) desintegración de la unión soviética,C,0.5,VARIAS,Historia de México,
Elige las características económicas y políticas del mundo globalizado,A) 1 2 4 ; B) 2 3 5 ; C) 3 4 6 ; D) 4 5 6,B,0.5,VARIAS,Historia de México,
Entre las causas que provocaron la caída del bloque socialistas se encuentran,A) la liberación de la economia y la corrupción del estado socialista ; B) las reformas de Gorbachov y el estancamiento de la producción ; C) la burocratización excesiva y la búsqueda de la identidad nacional ; D) las reformas de la sociedad y la aparición del conservadurismo,B,0.5,VARIAS,Historia de México,
El proceso de la independencia de la producción y la comercialización en la economía mundial se conoce como,A) imperialismo ; B) globalización ; C) neoliberalismo ; D) inflación,B,0.5,VARIAS,Historia de México,
De los siguientes acontecimientos cuáles hacen referencia al gobierno de Adolfo López Mateos,A) 1e 2d 3c 4b 5a ; B) 1a 2b 3c 4d 5e ; C) 1d 2c 3b 4a 5e ; D) 1b 2c 3a 4c 5d,B,0.5,VARIAS,Historia de México,
"El crecimiento económico logrado por el país desde el final de la primera guerra mundial hasta la década de los 60, se conoció como:",A) desarrollo estabilizador ; B) prosperidad económica ; C) milagro mexicano ; D) desarrollo industrial,C,0.5,VARIAS,Historia de México,
Una característica fundamental del desarrollo compartido fue,A) aumento de la participación del estado en el proceso económico ; B) apertura de la industria petrolera a la inversión privada ; C) la privatización del sistema bancario ; D) el descenso de los salarios mínimos,A,0.5,VARIAS,Historia de México,
"En el ámbito político, la ilustración influyó en el establecimiento de un sistema denominado",A) monarquía absoluta ; B) filosofía ilustrada ; C) sistema feudal ; D) despotismo ilustrado,D,0.5,VARIAS,Historia de México,
"Las revoluciones europeas en 1848, se caracterizaron porque:",A) los obreros participaron en defensa de sus derechos ; B) las mujeres obtuvieron su derecho al voto ; C) los obreros estipularon sus derechos en una carta ; D) las mujeres se incorporaron a las luchas sociales,C,0.5,VARIAS,Historia de México,
Relaciona las columnas de acontecimientos de la primera guerra mundial,A) 1e 2d 3c 4b 5a ; B) 1a 2b 3c 4d 5e ; C) 1d 2c 3b 4a 5e ; D) 1b 2c 3a 4c 5d,B,0.5,VARIAS,Historia de México,
Cuáles de las siguientes características corresponden a las crisis económica de 1929,A) 1 2 3 ; B) 1 3 4 ; C) 2 4 5 ; D) 3 4 5,B,0.5,VARIAS,Historia de México,
Selecciona la opción que contiene las características que corresponden a la Tragedia,A) II y IV ; B) I y II ; C) I y III ; D) III y IV,A,0.5,VARIAS,Literatura,
Del siguiente verso,A) Una rima asonante ; B) Una rima consonante ; C) Una sílaba tónica ; D) Un ritmo irregular,B,0.5,VARIAS,Literatura,
Movimiento armónico que se encuentra en un poema,A) Ritmo ; B) Rima ; C) Aliteración ; D) Verso,A,0.5,VARIAS,Literatura,
El siguiente texto pertenece al género:,A) Gramático ; B) Epico ; C) Lírico ; D) Didáctico,C,0.5,VARIAS,Literatura,
"Corriente literaria que surgió durante la segunda mitad del siglo XIX cuyos autores retratan el mundo que los rodea. Se interesen por el presente, los fenómenos sociales y se apoyan en el método científico",A) Naturalismo ; B) Romanticismo ; C) Neoclasicismo ; D) Surrealismo,A,0.5,VARIAS,Literatura,
Son representantes de la literatura realista,"A) Benito Pérez, Henry Ipsen, Honore de Balzac ; B) Gustave Fluver, Thomas Mann ; C) Alejandro Dumas, Leopoldo Alas, Emily Pronti ; D) Víctor Hugo, Edgar Alan Poe, Mery Schiller",A,0.5,VARIAS,Literatura,
A la narración en prosa relativamente breve se le denomina:,A) Novela ; B) Poesía ; C) Drama ; D) Cuento,D,0.5,VARIAS,Literatura,
En un fenómeno ondulatorio el número de ciclos por unidad de tiempo recibe el nombre de:,A) Amplitud ; B) Longitud de onda ; C) Frecuencia ; D) Periodo,C,0.5,VARIAS,Física,
"La potencia que produce un horno de microondas es de 1200 Watts si la diferencia de potencial es de 120 V, ¿Cuánta corriente circula?",A) 0.010 A ; B) 0.100 A ; C) 1 A ; D) 10 A,D,0.5,VARIAS,Física,
Se desea construir un barómetro con un líquido que tiene la mitad de la densidad del mercurio ¿Cuál es la altura que alcanzará la columna del líquido si la densidad del mercurio es de 13600Kg/m^3 y la gravedad es de 9.81 m/s^2. El incremento en la presión es de 1.03 × 10^5 Pa?,A) 0.38m ; B) 0.78m ; C) 1.52m ; D) 15.20m,C,0.8,VARIAS,Física,
Si la rapidez de la luz en el vacío es de 3 × 10^8 m/s y el indice de refracción de la glicerina es de 1.473 ¿Cuál será la velocidad a la que viaja la luz en la glicerina?,A) 2.03 × 10^8 m/s ; B) 2.26 × 10^9 m/s ; C) 4.42 × 10^8 m/s ; D) 4.91 × 10^9 m/s,A,0.7,VARIAS,Física,
Cuál de las siguientes reacciones es la más adecuada para calcular la edad de los fósiles,A) Midiendo la cantidad de C14 que permanece en un fósil ; B) Comparando el número de anillos transversales que presenta el fósil ; C) Comparando la estructura del fósil con el de las rocas de diferente época ; D) Observando los cambios evolutivos con respecto a sus descendientes.,A,0.6,VARIAS,Biología,
Que elemento tiene la siguiente estructura atómica 1s^2 2s^2 2ps^6 3s^2,A) Carboneo ; B) Nitrógeno ; C) Magnesio ; D) Oxigeno,A,0.4,VARIAS,Química,
Cuál de los siguientes compuestos reacciona con el agua para formar un ácido,A) 2y 4 ; B) 1 y 3 ; C) 4y 5 ; D) 3 y 5,D,0.6,VARIAS,Química,
Cuáles son los grupos funcionales presentes en un aminoácido,A) Amina y ácido carboxílico ; B) Eter y ester ; C) Cetona y aldehído ; D) Amida y éter,A,0.7,VARIAS,Química,
Cuál de los siguientes compuestos es un lípido,A) Glucosa ; B) Alanina ; C) Albúmina ; D) Colesterol,D,0.5,VARIAS,Biología,
Fue el personaje que dijo que todos los seres vivos están formados por células,A) Charles Darwin ; B) Jean Lamarck ; C) Luis Pasteur ; D) Theodor Schwann,D,0.5,UNAM,Biología,
"La unidad básica, estructural y funcional de los seres vivos es:",A) La molécula ; B) La célula ; C) El átomo ; D) El tejido,B,0.5,UNAM,Biología,
Las células heterótrofas se caracterizan por:,A) Carecer de cloroplastos ; B) Realizar la glucolisis en el mitocondria ; C) Metabolizar carbohidratos en el aparato de Golgi ; D) Degradar en el PC,A,0.5,UNAM,Biología,
Las células vegetales se distinguen de las células animales porque poseen:,A) Núcleo ; B) Pared celular ; C) Membrana plasmática ; D) Mitocondrias,B,0.5,UNAM,Biología,
Estructura propia de la célula vegetal formada de celulosa:,A) Pared celular ; B) Exoesqueleto ; C) Membrana plasmáticas ; D) Membrana celular,A,0.5,UNAM,Biología,
¿Cuáles de los siguientes organelos se explican a través de la teoría de la endosimbiosis?,A) Mitocondria y cloroplasto ; B) Centriolo y peroxisoma ; C) Nucléolo y ribosoma ; D) Núcleo y lisosoma,A,0.5,UNAM,Biología,
¿Dónde se realiza el proceso de respiración aeróbica en células eucariòticas?,A) Mitocondrias ; B) Cloroplastos ; C) Vacuolas ; D) Lisosomas,A,0.5,UNAM,Biología,
El producto final de la glucólisis es:,"A) 2 moléculas de piruvato, 1 de ATP y de NADH ; B) 2 moléculas de piruvato, 2 de ATP y una de NADH ; C) 2 moléculas de piruvato, 1 de ATP y 2 de NADH ; D) 2 moléculas de piruvato, 4 de ATP y 2 de NADH",B,0.5,UNAM,Biología,
Es un organismo procarionte:,A) Alga ; B) Bacteria ; C) Virus ; D) Moho,B,0.5,UNAM,Biología,
Organelo celular cuya función es la respiración celular y la obtención de energia:,A) Mitocondria ; B) Lisosomas ; C) Ribosomas ; D) Aparato de Golgi,A,0.5,UNAM,Biología,
Células sin envoltura nuclear ni estructuras membranosas internas:,A) Cancerosas ; B) Eucariontes ; C) Procariontes ; D) Hepáticas,C,0.5,UNAM,Biología,
Las bacterias anaeróbicas y los mioplasmas son ejemplos de células:,A) Eucariontes ; B) Procariontes ; C) Vegetales ; D) Animales,B,0.5,UNAM,Biología,
¿Cuál es el significado de la palabra eucarionte?,A) Antes del núcleo ; B) Sin núcleo verdadero ; C) Con núcleo verdadero ; D) Después del núcleo,C,0.5,UNAM,Biología,
El _______ es la principal fuente de energía metabólica para los seres vivos.,A) ADN ; B) GTP ; C) ATP ; D) ARN,C,0.5,UNAM,Biología,
Cuando se hidroliza el ATP se forma:,A) ADP ; B) ADP ; C) GTP ; D) UTP,A,0.5,UNAM,Biología,
Las enzimas son _______ que aceleran las reacciones químicas reduciendo la energía de activación.,A) Cofactores ; B) Biocatalizadores ; C) Promotores ; D) Reguladores,B,0.5,UNAM,Biología,
El proceso fotosintético que realizan los organismos es importante para los seres vivos porque produce moléculas para la vida como:,A) Glucosa y bióxido de carbono ; B) Oxígeno y bióxido de carbono ; C) Glucosa y oxígeno ; D) Oxígeno y fósforo,C,0.5,UNAM,Biología,
Energía utilizada para la realización de la fase oscura de la fotosíntesis:,A) Cinética ; B) Dinámica ; C) Química ; D) Bioquímica,C,0.5,UNAM,Biología,
La síntesis de proteínas y la fotosíntesis son:,A) Procesos ; B) Anabólicos ; C) Catabólicos ; D) Sintéticos,B,0.5,UNAM,Biología,
"En la fotosíntesis se rompe, una molécula de H2O para producir inicialmente:",A) Glucosa ; B) Monóxido de carbono ; C) Oxígeno ; D) Dióxido de carbono,C,0.5,UNAM,Biología,
Durante este proceso los seres vivos productores obtienen dióxido de carbono luz solar que es transformado a glucosa a este proceso se le,A) Fotosíntesis ; B) Mutación ; C) Evolución ; D) Mitosis,A,0.5,UNAM,Biología,
"La regulación de la función de un tejido por acción de otro, se lleva a cabo mediante:",A) Nutrientes ; B) Hormonas ; C) Carbohidratos ; D) Oxígeno,B,0.5,UNAM,Biología,
"Si asumimos que una célula eucariota tiene abundante glucosa y oxígeno, pero necesita ATP, el gradiente de electrones es esta célula será generado por ______ y usado principalmente por ______",A) Transportadores de electrones - ATP sintetasa ; B) Glucólisis - producción de agua ; C) Fermentación - NAD reducido ; D) Difusión de protones - ATP sintetasa,D,0.5,UNAM,Biología,
Base nitrogenada que solo está presente en el ARN?,A) Uracilo ; B) Adenina ; C) Timina ; D) Guanina,A,0.5,UNAM,Biología,
La síntesis de RNA a partir del DNA se llama,A) Regulación ; B) Transferencia ; C) Transcripción ; D) Inversión,C,0.5,UNAM,Biología,
¿En cuál de los siguientes enunciados se utiliza la función de la lengua referencial?,"A) Frodo tomó el sobre de la repisa, le echó una mirada, pero no lo abrió. ; B) La reforma energética es la solución para que el país logre un crecimiento y desarrollo sostenido. ; C) Todo mundo sabe que un ovni se estrelló en el desierto de Nuevo México en 1947. ; D) Espartacus fue uno de los más grandes esclavos rebeldes que luchó contra el régimen esclavista de los tiempos de los romanos.",A,0.5,VARIAS,General,
¿En cuál de los siguientes enunciados no se utiliza la función de la lengua poética?,"A) Que ser valiente no salga tan caro, que ser cobarde no valga la pena. ; B) El amor es el silencio más fino, el más tembloroso, el más insoportable. ; C) La tromba del viernes hizo que a la gente en varias calles le llegara el agua al cuello. ; D) Aquí vivimos, en las calles se cruzan nuestros olores, de sudor y pachuli, de ladrillo nuevo y gas subterráneo.",C,0.5,VARIAS,General,
¿En cuál de los siguientes enunciados no se utiliza la función de la lengua referencial?,"A) Se ha descubierto que el zumbido de las abejas protege a plantas y flores de ser deboradas. ; B) Las mujeres en los países pobres tienen 300 veces más probabilidades de morir en el parto. ; C) El dióxido de carbono de la atmósfera en exceso al disolverse en el agua la vuelve más ácida. ; D) Según el gobierno federal: “lo mejor que le pudo pasar al país es la devaluación del peso frente al dólar, ya que los turistas extranjeros tuvieron mayor poder adquisitivo”.",D,0.5,VARIAS,General,
¿En cuál de los siguientes enunciados se utiliza la función de la lengua apelativa?,"A) La caída del espectacular abolló el automóvil de Ricardo. ; B) Las aves firmaban el cielo a su paso por las montañas. ; C) Creemos que sólo el estudio adecuado de la guía te dará el lugar en la Universidad. ; D) En consecuencia, no hubo acuerdo entre las partes con respecto a la ley.",C,0.5,VARIAS,General,
¿En cuál de los siguientes enunciados no se utiliza la función de la lengua apelativa?,"A) Sólo se necesita tener valor para arrojarse del Bungie. ; B) Nuevamente una pequeña lluvia hace presa a la población del oriente de la capital. ; C) Cada vez que me siento crecer en comprensión y en humildad, me siento crecer en la poesía. ; D) El mejor teléfono celular es el Samsung S IV, según una encuesta telefónica.",D,0.5,VARIAS,General,
¿En cuál de los siguientes enunciados se utiliza la función de la lengua poética?,"A) Una metáfora es el recurso más utilizado en la poesía. ; B) El poema es el momento en que se capta con la sangre el pensamiento de la vida. ; C) La rima de un poema se localiza en las terminaciones de las palabras de cada verso. ; D) Allí estaba Ser Jaime Lannister, de cabellos tan brillantes como el oro batido, y Sandor Clegane, con el espantoso rostro quemado.",D,0.5,VARIAS,General,
En el texto se puede afirmar que predomina la función y la forma del discurso:,A) poética y narrativa. ; B) poética y descriptiva. ; C) referencial y narrativa. ; D) apelativa y descriptiva.,B,0.5,VARIAS,General,
e adquiere carga eléctrica por medio de un,A) contacto ; B) cohesión ; C) inducción ; D) frotamiento,A,0.5,VARIAS,General,
"La unidad de la carga eléctrica en el SI, es:",A) watt ; B) joule ; C) ohm ; D) coulomb,D,0.5,VARIAS,General,
La teoría del flujo único nos indica que:,"A) al cátodo llegan las cargas positivas ; B) cargas iguales se repelen y opuestas se atraen ; C) sólo los electrones pueden poseer carga eléctrica ; D) existen tres tipos de carga (neutro, positivo y negativo)",B,0.5,VARIAS,General,
Un rayo es un efecto de:,A) el magnetismo terrestre ; B) la atracción de cargas contrarias ; C) la repulsión de cargas negativas ; D) el choque de fuerzas eléctricas en las nubes,D,0.5,VARIAS,General,
"En una fiesta se colocaron globos sobre la pared, los cuales se “pegaron” por medio del frotamiento del globo en el cabello, ¿qué tipo de carga obtiene el globo?",A) Neutra ; B) Bipolar ; C) Positiva ; D) Negativa,D,0.5,VARIAS,General,
"Cuando por un material el paso de las líneas magnéticas es igual que por el vacío, se dice que el material es:",A) conductor ; B) condensador ; C) diamagnético ; D) paramagnético,C,0.5,VARIAS,General,
Dentro de las características esenciales de un electroimán destaca:,A) necesitar un flujo eléctrico continuo ; B) utilizar forzosamente hierro en el centro ; C) ser más potente si tiene un mayor tamaño ; D) estar sujeto a una corriente eléctrica negativa,B,0.5,VARIAS,General,
Ley que habla acerca de la inducción magnética que origina una fuerza electromotriz en un campo magnético,A) Oersted ; B) Coulomb ; C) Faraday y Henry ; D) Ampere – Maxwell,C,0.5,VARIAS,General,
La teoría electromagnética de la luz establece que ésta se propaga como:,A) dispersión de ondas viajeras electromagnéticas ; B) reflexión de las ondas oscilatorias y longitudinales ; C) refracción de ondas transversales electromagnéticas ; D) ondas electromagnéticas en campos transversales oscilatorios,D,0.5,VARIAS,General,
"De los siguientes rayos formados en las regiones del espectro electromagnético, ¿cuál se localiza por debajo de la luz visible y produce el bronceado en la piel?",A) Alfa ; B) Gamma ; C) Infrarrojo ; D) Ultravioleta,D,0.5,VARIAS,General,
Determinar la altura que alcanzará un manómetro que midió una presión de 18 Pa de un gas que tiene una densidad de 0.1 kg/m2,A) 0.05 m ; B) 0.18 m ; C) 0.36 m ; D) 1.01 m,B,0.5,VARIAS,General,
"El empuje es igual al peso del fluido desalojado, según el principio de:",A) Pascal ; B) Torricelli ; C) Arquímedes ; D) Gay-Lussac,C,0.5,VARIAS,General,
Una alberca cúbica de 5 m de profundidad está totalmente llena de agua. ¿Cuál es la presión en el fondo de la alberca debido solamente al agua?,A) 9.8 x 103 Pa ; B) 5.1 x 102 Pa ; C) 2.5 x 104 Pa ; D) 4.9 x 104 Pa,D,0.5,VARIAS,General,
"Si un átomo es excitado, el electrón puede pasar a un orbital de mayor energía y absorber energía; al regresar se emite esta energía absorbida. Es parte del postulado de la teoría del átomo de:",A) Bohr ; B) Rutherford ; C) Thompson ; D) Dalton,A,0.5,VARIAS,General,
"De las siguientes sustancias, ¿cuáles son compuestos?","A) Bronce, arena y cloro ; B) Diamante, vidrio y agua ; C) Gasolina, diesel y cobre ; D) Sal de mesa, azucar y vinagre",D,0.5,VARIAS,General,
La combustión de madera se considera un fenómeno químico porque:,A) existe una evaporación de los compuestos de la madera ; B) sus átomos se calientan y pasan a otros niveles de energía,B,0.5,VARIAS,General,
La cantidad de electrones en su estado basal es igual al:,A) número de protones del núcleo ; B) número de neutrones del núcleo ; C) la suma de neutrones y protones del núcleo ; D) la mitad de la suma de los neutrones y protones,A,0.5,VARIAS,General,
"El número cuántico principal (n) de un átomo, indica:",A) el tipo del orbital ; B) los niveles de energía ; C) la dirección de los electrones,B,0.5,VARIAS,General,
"Cuando un rayo de luz varía su trayectoria al pasar de un medio a otro, se dice que existe:",A) reflexión ; B) difracción ; C) refracción ; D) dispersión,C,0.5,VARIAS,General,
"Con base a las leyes básicas de la reflexión, el rayo incidente, el reflejado y la normal a la superficie:",A) son exactamente iguales ; B) son exactamente reversibles ; C) se dispersan en varias direcciones ; D) se encuentran en un mismo plano,D,0.5,VARIAS,General,
La rapidez de la luz en cierto vidrio es 1.91 x 108 m/s. ¿Cuál es el índice de refracción del vidrio?,A) 1.91 ; B) 3.00 ; C) 1.57 ; D) 0.64,C,0.5,VARIAS,General,
"Calcular la distancia focal a la que se encuentra un objeto, si su tamaño es de 6 m y la imagen es de 10 cm a una distancia de 9 m",A) 0.05 m ; B) 0.12 m ; C) 0.15 m ; D) 0.50 m,B,0.5,VARIAS,General,
¿Cuál de los siguientes enunciados es verdadero?,"A) Una imagen invertida siempre tendrá una amplificación positiva ; B) El ángulo de incidencia no es igual al ángulo de reflexión formado ; C) La trayectoria de un rayo refractado en la entrecara de dos medios, no es exactamente reversible ; D) Las imágenes formadas por espejos esféricos pueden ser de mayor, menor o de igual tamaños que los objetos",D,0.5,VARIAS,General,
"Al llevarse a cabo un experimento en un laboratorio, se observó que existió una _______________, debido a que se formaron dos elementos nuevos con núcleos más pequeños al original",A) fusión nuclear ; B) emisión de fotones ; C) fisión nuclear ; D) absorción de electrones,C,0.5,VARIAS,General,
Idea principal del párrafo 4,A) Lo bello es una peculiaridad del arte ; B) La estética es el estudio de lo bello ; C) Lo bello es una peculiaridad del arte,A,0.5,UNAM,Estética,
Según el párrafo 2 cómo se define la estética,A) El estudio de lo bello ; B) Como puente para conectar ambos conceptos ; C) EL estudio de la sensibilidad en general,C,0.5,UNAM,Estética,
Sinónimo de efímero,A) Momentáneo ; B) Permanente ; C) Eterno ; D) Infinito,A,0.3,UNAM,General,
¿Con qué palabra se puede sustituir Cosquilleo en el párrafo 5?,A) Inquietud ; B) Emoción ; C) Sentimiento ; D) Pasión,A,0.5,UNAM,Estética,
¿Cómo son los artistas de estos tiempos según el último párrafo?,"A) Críticos, creativos ; B) Alocados, ilimitados ; C) Burgueses inmortalizados ; D) Tradicionales",B,0.5,UNAM,Estética,
La editorial de un periódico se puede comparar con:,A) Noticia ; B) Opinión o postura del periódico sobre un hecho ; C) Anuncio ; D) Reportaje,B,0.5,UNAM,General,
Función apelativa,A) Intenta convencer o persuadir ; B) Intenta informar ; C) Intenta describir ; D) Intenta narrar,A,0.5,UNAM,General,
¿Qué tipo de ficha es? “La Jornada #21….”,A) Ficha bibliográfica ; B) Ficha hemerográfica ; C) Ficha de archivo ; D) Ficha de investigación,B,0.5,UNAM,General,
El pobre VAGABUNDO vaga por el mundo. Identifica el núcleo del sujeto,A) Vagabundo ; B) Pobre ; C) Mundo ; D) Vaga,A,0.5,UNAM,General,
Ortografía correcta para: No te de_es re_elar por que las e_idencias no se deben re_elar,A) b-b-v-v ; B) v-v-b-b ; C) b-v-b-v ; D) v-b-v-b,A,0.5,UNAM,General,
"¿Qué significa la siguiente analogía? “Ella es como paloma al nido, y yo soy león al campo de batalla.”",A) La mujer está destinada a trabajar en su casa y el hombre a trabajar fuera ; B) La mujer es débil y el hombre es fuerte ; C) La mujer es pacífica y el hombre es agresivo ; D) La mujer es libre y el hombre es prisionero,A,0.5,UNAM,General,
Función de la lengua en: Hombre cohete araña y rompe su tela.,A) Poética ; B) Narrativa ; C) Descriptiva ; D) Expositiva,A,0.5,UNAM,General,
Identifica el párrafo con redacción correcta,"A) Investigaciones recientes del Instituto Nacional de Investigadores Forestales, Agrícolas y Pecuarias (INFAP) de la Universidad Nacional Autónoma de México (UNAM) revelaron las sustancias activas en las plantas. ; B) Las investigaciones del INFAP y la UNAM descubrieron las sustancias activas en las plantas. ; C) El INFAP y la UNAM encontraron las sustancias activas en las plantas. ; D) La UNAM y el INFAP investigaron las sustancias activas en las plantas.",A,0.5,UNAM,General,
Identifica la narración correcta:,"A) Los caballeros medievales quienes leían novelas de caballería buscaban el realismo, iban a torneos, cruzadas y en épocas de paz; entrenaban para la guerra como la que hubo en 1310. ; B) Los caballeros medievales eran valientes y fuertes, iban a la guerra y luchaban por su rey. ; C) Los caballeros medievales eran débiles y cobardes, no iban a la guerra y se escondían en sus castillos. ; D) Los caballeros medievales eran pacíficos y amaban la naturaleza, no iban a la guerra y se dedicaban a la caza.",A,0.5,UNAM,General,
"En el siguiente fragmento sobre el curriculum de vitae, responde ¿por qué es una descripción?",A) Porque se dan características y se explican ; B) Porque se narran hechos y se describen ; C) Porque se exponen ideas y se argumentan ; D) Porque se preguntan dudas y se responden,A,0.5,UNAM,General,
Redacción y ortografía correcta,"A) A las ideas que fueron expuestas les faltaban pruebas que, sin embargo, fueron aceptadas. ; B) Las ideas que se expusieron no tenían pruebas, pero se aceptaron. ; C) Las ideas que se presentaron tenían pruebas, pero no se aceptaron. ; D) Las ideas que se expusieron tenían pruebas y se aceptaron.",A,0.5,UNAM,General,
"Identifica la oración principal: “Desde que te fuiste hace un mes, el departamento de ventas es un caos.”",A) El departamento de ventas es un caos. ; B) Desde que te fuiste hace un mes. ; C) El departamento de ventas es un éxito. ; D) El departamento de ventas es un desastre.,A,0.5,UNAM,General,
Antónimo de Sensato,A) Irracional ; B) Racional ; C) Emocional ; D) Intuitivo,A,0.5,UNAM,General,
Autor Chileno escritor de veinte poemas de amor,A) Pablo Neruda ; B) Gabriela Mistral ; C) Isabel Allende ; D) Mario Vargas Llosa,A,0.5,UNAM,Literatura,
Narración breve con pocos personajes,A) Cuento ; B) Novela ; C) Poema ; D) Ensayo,A,0.5,UNAM,Literatura,
Tipo de texto que señala los nombres de los personajes y la forma de su intervención mediante acotaciones,A) Dramático ; B) Narrativo ; C) Descriptivo ; D) Expositivo,A,0.5,UNAM,Literatura,
Según la poética de Aristóteles,"A) La épica es objetiva, narra hazañas, historias de héroes, dioses y hechos históricos. La lírica es subjetiva y exalta sentimientos y lo dramático está hecho para ser representado. ; B) La épica es subjetiva, narra sentimientos, historias de amor y hechos cotidianos. La lírica es objetiva y exalta hazañas, historias de héroes, dioses y hechos históricos. ; C) La épica es narrativa, narra historias de aventuras, amor y desamor. La lírica es descriptiva y exalta la naturaleza, la belleza y la verdad. ; D) La épica es descriptiva, narra la naturaleza, la belleza y la verdad. La lírica es narrativa y exalta historias de aventuras, amor y desamor.",A,0.5,UNAM,Literatura,
Personaje opuesto al protagonista,A) Antagonista ; B) Protagonista ; C) Deuteragonista ; D) Tragonista,A,0.5,UNAM,Literatura,
Características del Realismo,A) Plantea la realidad y busca la objetividad ; B) Plantea la fantasía y busca la subjetividad ; C) Plantea la utopía y busca la idealidad ; D) Plantea la distopía y busca la crítica,A,0.5,UNAM,Literatura,
¿Cuál es la capacidad de cada frasco?,A) 3 litros ; B) 4 litros ; C) 5 litros ; D) 6 litros,A,0.5,BAUP,General,
¿Cuál es la mínima distancia a la que debe situarse una persona si su visión mínima es de 25cm?,A) 15cm ; B) 20cm ; C) 25cm ; D) 30cm,A,0.5,BAUP,General,
¿Cuánto se deformará el resorte si se le aplica una fuerza de 15N?,A) 4cm ; B) 6cm ; C) 8cm ; D) 10cm,B,0.5,BAUP,General,
¿Cuál es la potencia del elevador que sube a una velocidad de 5m/s?,A) 10000 W ; B) 20000 W ; C) 25000 W ; D) 30000 W,C,0.5,BAUP,General,
¿Cuál es la potencia del elevador que sube hasta 20m en 5 s?,A) 10000 W ; B) 15000 W ; C) 20000 W ; D) 25000 W,C,0.5,BAUP,General,
¿Con qué prueba se calcula la edad de los fósiles?,A) Carbono 14 ; B) Oxígeno 16 ; C) Nitrógeno 14 ; D) Helio 4,A,0.5,BAUP,General,
¿Por qué el plomo se derrite a una temperatura más baja que el cobre?,A) Tiene menor calor latente de fusión ; B) Tiene mayor calor latente de fusión ; C) Tiene menor capacidad térmica específica ; D) Tiene mayor capacidad térmica específica,A,0.5,BAUP,General,
¿Cuál es la condición para que un cuerpo transfiera temperatura a otro?,A) Que se encuentren a la misma temperatura ; B) Que se encuentren a diferentes temperaturas ; C) Que tengan la misma capacidad térmica específica ; D) Que tengan diferente capacidad térmica específica,B,0.5,BAUP,General,
¿Qué caracteriza al cuento?,A) Muchos personajes ; B) Pocos personajes ; C) Un argumento complejo ; D) Un lenguaje poético,B,0.5,BAUP,General,
¿Qué es la paráfrasis?,A) Una forma de expresar una idea de manera diferente ; B) Una forma de expresar una idea de manera similar ; C) Una forma de expresar una idea de manera opuesta ; D) Una forma de expresar una idea de manera confusa,A,0.5,BAUP,General,
¿Qué es el anabolismo?,A) Un proceso de descomposición de moléculas ; B) Un proceso de síntesis de moléculas ; C) Un proceso de transporte de moléculas ; D) Un proceso de almacenamiento de moléculas,B,0.5,BAUP,General,
¿Qué es la herencia de carácter?,A) La transmisión de características de los padres a los hijos ; B) La transmisión de características de los hijos a los padres ; C) La transmisión de características de los hermanos a los hermanos ; D) La transmisión de características de los abuelos a los nietos,A,0.5,BAUP,General,
¿Qué es la enfermedad en la que los hijos varones son afectados y las mujeres no?,A) Enfermedad genética ; B) Enfermedad infecciosa ; C) Enfermedad degenerativa ; D) Enfermedad autoinmune,A,0.5,BAUP,General,
¿Qué es el ácido carboxílico?,A) Un ácido que contiene un grupo carboxilo ; B) Un ácido que contiene un grupo amino ; C) Un ácido que contiene un grupo hidroxilo ; D) Un ácido que contiene un grupo alquilo,A,0.5,BAUP,General,
¿Qué es el alcano?,A) Un hidrocarburo que contiene un enlace sencillo entre carbono y carbono ; B) Un hidrocarburo que contiene un enlace doble entre carbono y carbono ; C) Un hidrocarburo que contiene un enlace triple entre carbono y carbono ; D) Un hidrocarburo que contiene un enlace cuádruple entre carbono y carbono,A,0.5,BAUP,General,
¿Qué es el alqueno?,A) Un hidrocarburo que contiene un enlace sencillo entre carbono y carbono ; B) Un hidrocarburo que contiene un enlace doble entre carbono y carbono ; C) Un hidrocarburo que contiene un enlace triple entre carbono y carbono ; D) Un hidrocarburo que contiene un enlace cuádruple entre carbono y carbono,B,0.5,BAUP,General,
¿Qué es el alquino?,A) Un hidrocarburo que contiene un enlace sencillo entre carbono y carbono ; B) Un hidrocarburo que contiene un enlace doble entre carbono y carbono ; C) Un hidrocarburo que contiene un enlace triple entre carbono y carbono ; D) Un hidrocarburo que contiene un enlace cuádruple entre carbono y carbono,C,0.5,BAUP,General,
¿A qué temperatura en °C se da más rápido una reacción?,A) 20°C ; B) 50°C ; C) 70°C ; D) 100°C,C,0.5,BAUP,General,
¿Qué es el electrolito fuerte?,A) Un electrolito que se disocia completamente en solución acuosa ; B) Un electrolito que se disocia parcialmente en solución acuosa ; C) Un electrolito que no se disocia en solución acuosa ; D) Un electrolito que se disocia en solución acuosa pero no conduce electricidad,A,0.5,BAUP,General,
¿Qué es el grupo amino?,A) Un grupo funcional que contiene un átomo de nitrógeno ; B) Un grupo funcional que contiene un átomo de oxígeno ; C) Un grupo funcional que contiene un átomo de carbono ; D) Un grupo funcional que contiene un átomo de hidrógeno,A,0.5,BAUP,General,
¿Qué es el vinagre?,A) Un ácido carboxílico ; B) Un ácido sulfúrico ; C) Un ácido nítrico ; D) Un ácido clorhídrico,A,0.5,BAUP,General,
¿Qué es la acetona?,A) Un alcano ; B) Un alqueno ; C) Un alquino ; D) Un compuesto orgánico que contiene un grupo cetona,D,0.5,BAUP,General,
¿Qué es el óxido básico?,A) Un compuesto que contiene un metal y oxígeno ; B) Un compuesto que contiene un no metal y oxígeno ; C) Un compuesto que contiene un metal y un no metal ; D) Un compuesto que contiene solo oxígeno,A,0.5,BAUP,General,
¿Qué es la estructura de un ácido carboxílico?,A) R-COOH ; B) R-CO ; C) R-OH ; D) R-NH2,A,0.5,BAUP,General,
¿Qué es el ácido más fuerte?,A) H2SO4 ; B) HCl ; C) HNO3 ; D) H3PO4,A,0.5,BAUP,General,
¿Qué es la antónimo de pugna?,A) Renuncia ; B) Lucha ; C) Competencia ; D) Rivalidad,A,0.5,BAUP,General,
¿Qué función de la lengua se utiliza en el siguiente fragmento? Esa silla es roja,A) emotiva ; B) apelativa ; C) referencial ; D) poética,C,0.5,UNAM,Lenguaje,
"En los siguientes textos elige la función de la lengua que predomina. En cambio tú, querida amiga, amigo querido, te despiertas a las dos de la mañana por no saber qué hacer o a quién recurrir para pagar la letra del coche...",A) poética ; B) sintomática ; C) apelativa ; D) referencial,C,0.5,UNAM,Lenguaje,
Selecciona el enunciado que aplica con mayor propiedad la función referencial de la lengua.,"A) Mil novecientos catorce, mes de junio, veintitrés de junio, fue tomada Zacatecas entre las cinco y las seis de la tarde. ; B) Miguel Hidalgo ilustra muy bien el tiempo que tocó vivir y el cómo lo vivió, este tipo de caudillo. ; C) En atención al decreto del 24 de octubre de 1853 por el presidente Gómez Farías, el 2 de abril de 1844 fue inaugurada la Biblioteca Nacional de México. ; D) El inquieto y polifacético ingeniero Félix F. Palavicini, quien nació en Teapa, Tabasco, el 30 de marzo de 1881, se distinguió acérrimo, como periodista, escritor, diplomático.",C,0.6,UNAM,Lenguaje,
"¿Qué función de la lengua predomina en el siguiente fragmento? Los lapidarios mexicanos, no solamente tenían conocimiento de las piedras preciosas, sino también sabían trabajarlas y grabar en ellas cuanto querían.",A) metalingüística ; B) apelativa ; C) sintomática ; D) referencial,D,0.5,UNAM,Lenguaje,
¿Cuál es la función de la lengua que predomina en el siguiente enunciado? El catecismo consiste en aprender de memoria las oraciones principales.,A) metalingüística ; B) referencial ; C) apelativa ; D) sintomática,B,0.5,UNAM,Lenguaje,
"Si se condiciona al interlocutor, buscando convencerlo, la función de la lengua es:",A) metalingüística ; B) referencial ; C) apelativa ; D) emotiva,C,0.5,UNAM,Lenguaje,
¿Cuál de las siguientes expresiones tiene la función apelativa de la lengua?,A) Tanto la cantidad como la velocidad de la información crecen cada día. ; B) Los responsables de la política económica de hoy son menos capaces que los de antes. ; C) La república Mexicana tiene una extensión de casi dos millones de kilómetros cuadrados. ; D) El dinero cada día alcanza menos para adquirir lo indispensable.,B,0.6,UNAM,Lenguaje,
Recóndita virtud de aquellas cosas que se amplían en el alma a la manera del vidrio de una esfera.,A) metalingüística ; B) sintáctica ; C) poética ; D) fática,C,0.7,UNAM,Lenguaje,
Elige la función de la lengua que predomina en el siguiente enunciado: Hombre cohete y también golondrina araña en vela que hila con hilos su tela.,A) Referencial ; B) Apelativa ; C) Reflexiva ; D) Poética,D,0.7,UNAM,Lenguaje,
"La vereda subía entre yerbas, llena de espinas y de malas mujeres. Parecía un camino de hormigas de tan angosto.",A) narrativa ; B) descriptiva ; C) literaria ; D) dramática,B,0.6,UNAM,Lenguaje,
"Cuando cansado de estos juegos llevaba el rebaño al otro extremo de gran Ilanura, seguía a la serpiente como un gozquecillo enroscándose a sus piernas le llegaba hasta el cuello, permaneciendo allí como inmóvil o muerta, con sus ojos de diamante fijos en los del pastor, erizándole el vello de su cara con el silbido de su boca triangular.",A) argumentación- descripción ; B) narración- argumentación ; C) argumentación- diálogo ; D) descripción- narración,D,0.7,UNAM,Lenguaje,
"En tanto que Sancho Panza y su mujer, Teresa Casajo, pasaron la impertinente referida plática, no estaban ociosas las sobrinas y el ama de don Quijote, que por mil señales iban coligiendo que...",A) descriptivo ; B) narrativo ; C) argumentativo ; D) filosófico,B,0.6,UNAM,Lenguaje,
"¿Qué forma del discurso predomina en el siguiente párrafo? Recuerdo la noche cuando la bruja apareció por última vez, era domingo. Como siempre, fui a la cama un minuto antes de las dos de la madrugada. Miré la hora: antes de las dos, marcaba el reloj.",A) Narración ; B) Monólogo ; C) Descripción ; D) Argumentación,A,0.5,UNAM,Lenguaje,
"¿Qué función de la lengua se presenta en el siguiente párrafo? El nuevo organista, después de atravesar por medio de los fieles que ocupaban las naves para ir a besar al arzobispo, había subido a la tribuna donde tocaba, uno tras otro, los registros del órgano.",A) descripción ; B) narración ; C) exposición,B,0.6,UNAM,Lenguaje,
Fragmento en que predomina la narración:,"A) Su alcoba, seguramente mudo testigo de apasionados sueños, encontraba velada por cortinajes rígidos como extrañas ondulaciones de nubes densas, y ella flotaba, persistente, el humo denso de los cigarros. Estaba amueblada con un pesado ajuar de pino, herencia de unos tíos lejanos y multimillonarios. ; B) El cóccix es un pequeño hueso triangular situado en la extremidad caudal de la columna vertebral, por debajo del sacro, está formado por cuatro o cinco vértebras rudimentarias casi siempre al cuerpo vertebral. En la primera de ellas, existen todavía dos pequeñas apófisis laterales orientadas transversalmente. ; C) Probablemente creerá que soy una embaucadora, dijo la extraña mujer de la casa. Salimos rápidamente, buscamos un taxi y llegamos a nuestro destino. ; D) 'Probablemente creerá que soy una embaucadora', dijo la extraña mujer de la casa. Su perro, pastor alemán de gran tamaño y de aspecto tranquilo y fiel, agachó sus orejas y sus negros ojos se fijaron en el extraño.",C,0.6,UNAM,Lenguaje,
Opción en la que predomina la NARRACIÓN.,"A) Un muchacho gordiflon, de piel morena y reluciente, vestido de blanco y con un sombrero de paja, se acercó a ver al hombre. ; B) ¿Tan vieja me hallas que me crees moribunda? Nada de eso, sólo siento miedo de que no te guste México. ; C) Se van; a las ocho de la mañana llega un taxi a buscarlas; el chofer negro ríe y bromea bajando ellas las maletas y los grandes sombreros de paja. ; D) Entretanto, el sol ha desaparecido, el aire tiembla en torno a las hojas y las siluetas de las montañas palidecen poco a poco y se disuelven.",A,0.5,UNAM,Lenguaje,
"¿Qué tipo de texto es el siguiente párrafo? El vocabulo de Coyoacán es el resultado de una serie de transformaciones que ha sufrido en escritura y pronunciación desde la palabra náhuatl náhuatl. Las versiones más aceptadas que lo definen como: lugar de los que tienen coyotes, basada en la explicación del toponímico Coyohuacan, que justifica la intrusión del coyote y el...",A) descripción ; B) narración ; C) argumentación ; D) relación,C,0.6,UNAM,Lenguaje,
¿En cuál de las siguientes opciones existe una argumentación?,"A) El pleno de la cámara de diputados aprobó por unanimidad el dictamen de ley de ingresos de la Federación 2005 con un precio de barril de petróleo en 23 dólares, establecido por el senado de la república. ; B) No hay memoria de que en materia petrolera hayamos caído tan bajo. ; C) En la tribuna Camaral, PRD y PT afirmaron que los duendes aparecieron en el senado para hacer la modificación a lo enviado originalmente por los diputados. ; D) El viernes, los diputados alertaron del presunto error cometido por los senadores en la redacción de la minuta de la ley de ingresos.",B,0.6,UNAM,Lenguaje,
Fragmento en que predomina la argumentación:,"A) Un curso completo de redacción comprende el estudio de la morfosintaxis, de la lexicografía, la gramática filosófica y la semántica, de la estilística, la gramática histórica y la fraseología. Y también de la actividad práctica de la escritura y de la lectura constante. ; B) Debemos ser capaces de perdonar siempre. Perdonar significa olvidar la ofensa. Algunos dicen: 'perdono, pero no he olvidado'. No les crean: no han perdonado. Quien quiere perdonar y no olvidar la ofensa, no conoce el verdadero sentido del perdón. Un perdón implica olvido y desmemoria. ; C) El río comenzó a crecer hace tres noches, a eso de madrugada. Yo estaba muy dormido y sin embargo, el estruendo que traía el ruido al arrastrarse me hizo despertar enseguida y pegar con mi cobija en la mano, como si hubiera creído que había un derrumbe. ; D) Su alcoba, seguramente mudo testigo de apasionados sueños, encontraba velada por cortinajes rígidos como extrañas ondulaciones de nubes densas, y ella flotaba, persistente, el humo denso de los cigarros. Estaba amueblada con un pesado ajuar de pino, herencia de unos tíos lejanos y multimillonarios.",B,0.7,UNAM,Lenguaje,
"Uno lee entre líneas cuando deduce la información que recibe más de lo que ésta contiene. Por ejemplo, si en la novela aparece un personaje desalñado que camina cabizbajo y arrastrando los pies, no hace falta que el autor añada que al personaje le ha ido mal.",A) descripción ; B) narración ; C) argumentación ; D) exposición,B,0.6,UNAM,Lenguaje,
23. Fragmento en que predomina la argumentación:,"A) Un curso completo de redacción comprende el estudio de la morfosintaxis, de la lexicografía, la gramática filosófica y la semántica, de la estilística, la gramática histórica y la fraseología. Y también de la actividad práctica de la escritura y de la lectura constante. ; B) Debemos ser capaces de perdonar siempre. Perdonar significa olvidar la ofensa. Algunos dicen: 'perdono, pero no he olvidado'. No les crean: no han perdonado. Quien quiere perdonar y no olvidar la ofensa, no conoce el verdadero sentido del perdón. Un perdón implica olvido y desmemoria. ; C) El río comenzó a crecer hace tres noches, a eso de madrugada. Yo estaba muy dormido y sin embargo, el estruendo que traía el ruido al arrastrarse me hizo despertar enseguida y pegar con mi cobija en la mano, como si hubiera creído que había un derrumbe. ; D) Su alcoba, seguramente mudo testigo de apasionados sueños, encontraba velada por cortinajes rígidos como extrañas ondulaciones de nubes densas, y ella flotaba, persistente, el humo denso de los cigarros. Estaba amueblada con un pesado ajuar de pino, herencia de unos tíos lejanos y multimillonarios.",B,0.7,UNAM,Lenguaje,
24. Fragmento en que predomina la argumentación:,"A) Un curso completo de redacción comprende el estudio de la morfosintaxis, de la lexicografía, la gramática filosófica y la semántica, de la estilística, la gramática histórica y la fraseología. Y también de la actividad práctica de la escritura y de la lectura constante. ; B) Debemos ser capaces de perdonar siempre. Perdonar significa olvidar la ofensa. Algunos dicen: 'perdono, pero no he olvidado'. No les crean: no han perdonado. Quien quiere perdonar y no olvidar la ofensa, no conoce el verdadero sentido del perdón. Un perdón implica olvido y desmemoria. ; C) El río comenzó a crecer hace tres noches, a eso de madrugada. Yo estaba muy dormido y sin embargo, el estruendo que traía el ruido al arrastrarse me hizo despertar enseguida y pegar con mi cobija en la mano, como si hubiera creído que había un derrumbe. ; D) Su alcoba, seguramente mudo testigo de apasionados sueños, encontraba velada por cortinajes rígidos como extrañas ondulaciones de nubes densas, y ella flotaba, persistente, el humo denso de los cigarros. Estaba amueblada con un pesado ajuar de pino, herencia de unos tíos lejanos y multimillonarios.",B,0.7,UNAM,Lenguaje,
"En la oración: ""Aquellas abruptas montañas fueron durante años su morada"". El sujeto es:",A) su morada ; B) montañas ; C) Aquellas montañas ; D) Aquellas abruptas montañas,C,0.5,UNAM,Español,
¿Cuál enunciado tiene un sujeto morfológico?,A) El gato siamés tiró la leche ; B) El sonido de un caramillo resuena en silencio ; C) Después de tocar se da a una pastocita ; D) Parecía derrotado el equipo después del juego,A,0.5,UNAM,Español,
¿En cuál enunciado se usan preposiciones?,"A) El descuento a estudiantes es hasta hoy ; B) Si estudias, te compro todos los libros ; C) Luisa salió luego que te fuiste ; D) He trabajado mucho porque necesito el dinero",A,0.5,UNAM,Español,
"No daba importancia a nada, se olvidaba de todo En el enunciado anterior la inflexión de los verbos es:","A) Presente, indicativo ; B) Pasado, indicativo ; C) Copretérito, indicativo ; D) Pretérito, indicativo",B,0.5,UNAM,Español,
"Su vida, él la compara como la marcha de uno de esos troncps que van por el río. ¿Con qué número está marcada una preposición?",A) 1 ; B) 3 ; C) 4 ; D) 5,B,0.5,UNAM,Español,
Complemento circunstancial resaltado:,A) José duerme tranquilo durante el verano ; B) Elisa adelgazó mucho manteniéndose en el refrigerador ; C) Roberto puso mantequilla en el refrigerador ; D) El espejo del cuarto de baño de mi abuela se rompió,A,0.5,UNAM,Español,
"En el enunciado: ""Un poema de amor escribiré para ti cada mañana"". El objeto directo es:",A) Un poema de amor ; B) Yo ; C) escribiré ; D) para ti,A,0.5,UNAM,Español,
"¿Cuál forma verbal completa adecuadamente el siguiente enunciado? Si quisiera ir al cine con nosotros, ___________",A) Avisara ; B) Hubo avisado ; C) Habrá avisado ; D) Habría avisado,D,0.5,UNAM,Español,
Identifica la función de las palabras en mayúsculas y marca la opción correcta: Lo mela política ha sido mala PARA EL PUEBLO,A) complemento indirecto ; B) predicado ; C) circunstancial ; D) predicado nominal,C,0.5,UNAM,Español,
La decodificación del genoma humano permitirá resolver preguntas fundamentales para la,A) permitirá resolver ; B) resolver problemas ; C) resolver fundamentales ; D) preguntas fundamentales,A,0.5,UNAM,Español,
"En el enunciado anterior, el núcleo del predicado es:",A) permitirá resolver ; B) resolver problemas ; C) resolver fundamentales ; D) preguntas fundamentales,A,0.5,UNAM,Español,
Señala la opción cuyas palabras son sólo verbos:,"A) imaginó, creyó, esperó ; B) Matilde, pensó, dulce ; C) pensó, cambiando, llorar ; D) jugué, olvidé, has",A,0.5,UNAM,Español,
¿Cuál de las siguientes oraciones tiene subrayado el complemento circunstancial?,"A) El surrealismo fue un cambio radical en la pintura En los cuadros de esta corriente, las figuras se distorsionan o se pierden ; B) La mancha de color constituye el lenguaje de algunos pintores ; C) Aspira a reconciliar la realidad con el ideal ; D) Ninguno",A,0.5,UNAM,Español,
El enunciado con predicado subrayado es:,"A) ""/ivia hace algunos años en la colonia Roma ; B) En 1965, se trasmitió teatro por televisión ; C) Las costumbres han cambiado notablemente ; D) Nuestro idioma debe ser estudiado con seriedad",D,0.5,UNAM,Español,
Indica cuál enunciado tiene resaltado el verbo:,"A) Las calles de la ciudad son estrechas y tortuosas ; B) Las olas están muy altas ; C) La Internet es una gran red ; D) Por favor, juega conmigo",D,0.5,UNAM,Español,
Se han recuperado al menos OCHO mamuts. La palabra en mayúsculas es:,A) un sustantivo ; B) un adjetivo ; C) un adverbio ; D) una preposición,B,0.5,UNAM,Español,
¿Cuál de las siguientes oraciones contiene un predicado nominal?,A) La ciudad parecía pequeña ; B) Sus casas semejaban cajas de cartón ; C) Estrechas calles separaban unas de otras ; D) En la colina se distinguía claramente una ciudad,A,0.5,UNAM,Español,
El aire se hará MÁS REACTIVO. Las palabras escritas con mayúsculas funcionan como:,A) objeto directo ; B) objeto indirecto ; C) objeto circunstancial ; D) predicativo,D,0.5,UNAM,Español,
¿Cuál de los siguientes conjuntos está compuesto sólo por adjetivos?,"A) filial, tutelar, potable, cálido ; B) difícil, momia, vieja, natural ; C) reprobado, aromático, cansado, sol ; D) sopa, pesado, folleto, comprobado",A,0.5,UNAM,Español,
"En los alrededores de sus casas los habitantes cultivan pequeñas huertas. En el enunciado anterior, el objeto directo es:",A) los habitantes ; B) de sus casas ; C) pequeñas ; D) pequeñas huertas,D,0.5,UNAM,Español,
Señala la opción con sólo adjetivos:,"A) denso, difícil, rápido ; B) este, ese, según ; C) densidad, dificultad, rapidez ; D) suplemento, rápido, denso",A,0.5,UNAM,Español,
"De acuerdo con la relación de ANALOGÍA que se establece entre las palabras en mayúsculas del siguiente enunciado, señala la opción que presenta una relación semejante: DESESPERACIÓN - IMPROUDENCIA",A) distracción - accidente ; B) cansancio - confusión ; C) locura - malestar ; D) rapidez - enojo,B,0.5,UNAM,Español,
"Tu discurso barroco y con digresiones provocó ABURRIMIENTO en el auditorio y, en consecuencia, un generalizado BOSTEZO.",A) Ira - agresión ; B) Diversión - sonrisa ; C) Distracción - error ; D) Impaciencia - rebelión,B,0.5,UNAM,Español,
MÚSICO es a ORQUESTA como ACTOR a:,A) Obra de teatro ; B) Compañía teatral ; C) Función de teatro ; D) Foro de cine,B,0.5,UNAM,Español,
Sinónimo de OFRENDA:,A) Ofrecimiento ; B) regalo ; C) arreglo ; D) presente,A,0.5,UNAM,Español,
El significado de AUTODIDACTA es:,A) Quien se instruye a sí mismo ; B) Quien se mueve por sí mismo ; C) El que se informa solo a sí mismo ; D) Quien se adoctrina a sí mismo,A,0.5,UNAM,Español,
Sinónimo de PROLIFERACIÓN:,A) Acrecentamiento ; B) Frondosidad ; C) Acumulación ; D) Exuberancia,A,0.5,UNAM,Español,
Selecciona la palabra que no es sinónima a las demás del conjunto.,A) celoso ; B) puntual ; C) cumplido ; D) moroso,D,0.5,UNAM,Español,
Selecciona el sinónimo de las palabras mayúsculas. Considera el contexto: Los PRECURSores del ozono se alterarían...,A) derivados ; B) descendientes ; C) productores ; D) predecesores,D,0.5,UNAM,Español,
Selecciona el sinónimo de las palabras mayúsculas. En el proceso CONVERGIERON diferentes disciplinas.,A) volvieron ; B) confluyeron ; C) clasificaron ; D) divergieron,B,0.5,UNAM,Español,
Selecciona el antónimo de las palabras en mayúsculas es: No hemos oído hablar a alguien que PUGNA por expresarse correctamente?,A) descarta ; B) olvida ; C) somete ; D) renuncia,D,0.5,UNAM,Español,
El camino hacia el éxito resulto INASEQUIBLE.,A) engañoso ; B) despejado ; C) difícil ; D) accesible,D,0.5,UNAM,Español,
LARGA-CORTA así como:,A) utopia - realidad ; B) larga - estrecha ; C) estrecha - angosta ; D) larga - amplia,C,0.5,UNAM,Español,
"Cuando los cantares de gesta cayeron, la épica española tuvo un nuevo FLORECIMIENTO en el romancero",A) aumento ; B) adelanto ; C) descenso ; D) desarrollo,C,0.5,UNAM,Español,
El antónimo de las palabras en mayúsculas es:,A) detendría ; B) obtendría ; C) instigaría ; D) produciría,A,0.5,UNAM,Español,
El antónimo de las palabras en mayúsculas es: Elisa sólo quería salir de aquel lugar LÚGUBRE,A) luctuoso ; B) lamentable ; C) fuminoso ; D) esplendido,D,0.5,UNAM,Español,
Marca la opción que contenga HOMÓFONOS,A) rallado - cayado ; B) trivial - tribal ; C) catar - atacar ; D) asimilar - similar,B,0.5,UNAM,Español,
¿En cuál de las siguientes oraciones se ha subrayado el complemento directo?,"A) Allá estaban los pantanos ; B) Los gitanos navegaban seis meses por esa ruta ; C) Eché en una mochila sus instrumentos de orientación y sus mapas ; D) Durante diez días, no volvieron a ver el sol",C,0.5,UNAM,Español,
¿Cuál enunciado tiene un predicado nominal?,A) Esas chicas parecen muy simpáticas ; B) La recepción será a las siete ; C) Vivían felices en su país ; D) Ese tipo compró un loro,A,0.5,UNAM,Español,
Identifica la función de las palabras en mayúsculas: Nosotros tenemos UNA TÍA muy temerosa de caerse de espaldas,A) objeto directo ; B) objeto indirecto ; C) adjetivo ; D) sujeto,A,0.5,UNAM,Español,
¿Qué enunciado tiene subrayados los adjetivos?,A) En las fiestas hacen demasiadas bromas ; B) Buscábamos afanosamente una respuesta a nuestras inquietudes ; C) La rara caja de música encantó a la familia ; D) Una mujer con larga melena tocó a mi puerto,C,0.5,UNAM,Español,
¿Cuál de las siguientes opciones incluye un adjetivo en grado superlativo?,A) Pareció a todos un animal errante ; B) Me parece que está herrado ; C) Vive en condiciones paupérrimas - polar ; D) Permaneció en actitud irrisoria,C,0.5,UNAM,Español,
La Guerra Fría implicó:,A) La división política del mundo en dos grandes grupos: Socialistas y Capitalistas. ; B) La unificación de Europa ; C) La formación de la ONU ; D) La independencia de África,A,0.5,UNAM,Historia Universal,
Naciones africanas que realizaron su Independencia en la segunda mitad del siglo XX.,A) Congo y Argelia ; B) Egipto y Sudán ; C) Marruecos y Túnez ; D) Nigeria y Ghana,A,0.5,UNAM,Historia Universal,
¿A que hace referencia el texto anterior?,A) Imperialismo inglés ; B) Imperialismo francés ; C) Imperialismo español ; D) Imperialismo portugués,A,0.5,UNAM,Historia Universal,
Relaciona los tratados de paz que se firmaron al término de la primera Guerra Mundial con los postulados que se establecieron en ella.,A) Tratado de Versalles - Reducción del ejército alemán y eliminación de la fuerza aérea alemana ; B) Tratado de San Germán - Desintegración del imperio otomano ; C) Tratado de Newbull - Prohibición de cualquier tipo de alianza con Alemania ; D) Tratado de V - Reducción del imperio Húngaro para beneficiar a Rumania,A,0.6,UNAM,Historia Universal,
"Características comunes de los regímenes totalitarios de Italia, Alemania y Japón.","A) Régimen de partido único y militeísta, sentimiento nacionalista y política expansionista ; B) Régimen de partido único y democrático, sentimiento nacionalista y política expansionista ; C) Régimen de partido único y autoritario, sentimiento nacionalista y política expansionista ; D) Régimen de partido único y totalitario, sentimiento nacionalista y política expansionista",A,0.6,UNAM,Historia Universal,
Elige cuales fueron las consecuencias de la Segunda Guerra Mundial.,A) Ocupación de los países vencidos y la violación al tratado de Versalles ; B) Formación del eje Berlín –Roma- Turquía y la invasión por parte de Italia ; C) La división de Alemania en 4 zonas de ocupación y el fracaso de la Sociedad de Naciones ; D) Todas las anteriores,A,0.6,UNAM,Historia Universal,
Primer forma de gobierno que se instauro en el México independiente:,A) Monarquia ; B) República ; C) Dictadura ; D) Democracia,A,0.5,UNAM,Historia de México,
Con el gobierno de Maximiliano en México:,A) Se instaló el 1º imperio mexicano ; B) Se instaló el 2º imperio mexicano ; C) Se instaló la república ; D) Se instaló la dictadura,B,0.5,UNAM,Historia de México,
Durante los primeros años de vida independiente nacieron en México varios grupos políticos con distintos planteamientos algunos de ellos eran:,"A) Federalistas, centralistas y monarquistas ; B) Liberal, conservador y radical ; C) Democrático, republicano y socialista ; D) Comunista, anarquista y fascista",A,0.5,UNAM,Historia de México,
Ordena cronológicamente los hechos históricos.,"A) Presidencia de Vicente Guerrero, Invación de Isidro Barradas, Imperio de Agustín de Iturbide, Primera administración de Antonio López de Santa Anna, Presidencia de Guadalupe Victoria ; B) Imperio de Agustín de Iturbide, Presidencia de Guadalupe Victoria, Presidencia de Vicente Guerrero, Invación de Isidro Barradas, Primera administración de Antonio López de Santa Anna ; C) Presidencia de Guadalupe Victoria, Imperio de Agustín de Iturbide, Presidencia de Vicente Guerrero, Invación de Isidro Barradas, Primera administración de Antonio López de Santa Anna ; D) Primera administración de Antonio López de Santa Anna, Presidencia de Guadalupe Victoria, Imperio de Agustín de Iturbide, Presidencia de Vicente Guerrero, Invación de Isidro Barradas",A,0.6,UNAM,Historia de México,
Relaciona las características de las diferentes etapas de la Revolución Mexicana:,"A) Etapa Maderista - Huelgas y partidos de oposición, Etapa Constitucionalista - Movimientos zapatistas y decena trágica ; B) Etapa Maderista - Movimientos zapatistas y decena trágica, Etapa Constitucionalista - Huelgas y partidos de oposición ; C) Etapa Maderista - La ley del 6 de enero y la constitución de 1917, Etapa Constitucionalista - Rebelión de Agua Prieta y gobierno de Alvaro Obregón ; D) Etapa Maderista - Huelgas y partidos de oposición, Etapa Constitucionalista - La ley del 6 de enero y la constitución de 1917",A,0.6,UNAM,Historia de México,
En la historia de México el Maximato se define como:,A) Dominado por Plutarco Elías Calles ; B) Dominado por Álvaro Obregón ; C) Dominado por Venustiano Carranza ; D) Dominado por Francisco I. Madero,A,0.5,UNAM,Historia de México,
La primera reforma liberal en 1833 se debió a:,A) Valentín Gómez Farías ; B) Antonio López de Santa Anna ; C) Guadalupe Victoria ; D) Vicente Guerrero,A,0.5,UNAM,Historia de México,
Después de la independencia de la Nueva España _______ intentó retomar el control del país con la invasión de _______.,A) España - Barradas ; B) Francia - Napoleón ; C) Inglaterra - Wellington ; D) Estados Unidos - Polk,A,0.5,UNAM,Historia de México,
Las Leyes de Reforma establecieron:,"A) La nacionalización de los bienes del clero, la religión católica como única, la secularización de los cementerios, la separación de la Iglesia y el Estado ; B) La nacionalización de los bienes del clero, la religión católica como única, la secularización de los cementerios ; C) La nacionalización de los bienes del clero, la religión católica como única, la separación de la Iglesia y el Estado ; D) La nacionalización de los bienes del clero, la secularización de los cementerios, la separación de la Iglesia y el Estado",D,0.6,UNAM,Historia de México,
Una moneda metálica está sobre el pasto de un jardín en un día soleado. Algunos minutos al momento de recogerla percibe en su mano que la moneda está más caliente que el pasto. Lo anterior se debe a que:,A) La capacidad térmica específica del pasto es mayor que la de la moneda ; B) La capacidad térmica específica del pasto es menor que la de la moneda ; C) La capacidad térmica específica del pasto es igual que la de la moneda ; D) La capacidad térmica específica del pasto no afecta la temperatura de la moneda,A,0.6,UNAM,Física,
Cual de las siguientes afirmaciones referentes a la luz es verdadera?,A) Todos los objetos son visibles al ojo humano porque transmiten luz ; B) Todos los objetos son visibles al ojo humano porque reflejan luz ; C) Todos los objetos son visibles al ojo humano porque absorben luz ; D) Todos los objetos son visibles al ojo humano porque emiten luz,B,0.5,UNAM,Física,
"En una industria se calcula que el lapso de tiempo que transcurre cuando se encuentra en una posición P, hasta que llega a que sea de 4 seg. ¿Si el traslado del producto se efectúa por medio de una banda transportadora, ¿cuál debe ser la rapidez de esta?",A) 1 m/s ; B) 2 m/s ; C) 3 m/s ; D) 4 m/s,A,0.6,UNAM,Física,
De acuerdo con la Teoría Cinética de los gases la temperatura es:,A) Directamente proporcional a la energía cinética media de las moléculas ; B) Inversamente proporcional a la energía cinética media de las moléculas ; C) Directamente proporcional a la presión de los gases ; D) Inversamente proporcional a la presión de los gases,A,0.6,UNAM,Física,
Cual de los siguientes casos representa una onda longitudinal?,A) El sonido ; B) La luz ; C) El agua ; D) El viento,A,0.5,UNAM,Física,
A una masa de 50 g de material desconocido a una temperatura inicial de 18 ° se le aportan 34 Cal y su temperatura final fue de 24° C ¿cuál es el valor de la capacidad térmica específica de dicho material?,A) 0.1 cal/g°C ; B) 0.2 cal/g°C ; C) 0.3 cal/g°C ; D) 0.4 cal/g°C,B,0.6,UNAM,Física,
"La potencia que produce un horno de Microondas de 1200 watts, si la diferencia de potencial es de 120, que Corriente (I) circula a través de él.",A) 10 Amperes ; B) 20 Amperes ; C) 30 Amperes ; D) 40 Amperes,A,0.6,UNAM,Física,
"A Víctor le aumentaron una veintava parte de su salario, si actualmente gana $250 diarios, que ecuación se debe resolver para obtener el salario anterior de Víctor por hora.",A) R= x+ 𝒙 =250 ; B) R= x²-­‐64y²-­‐64=0 ; C) R= 7x-­‐1 ; D) R= 8x³-­‐27y³,A,0.6,UNAM,Matemáticas,
Al efectuar la operación: (2x-­‐3y)(4x²+6xy+9y²) Se obtiene:,A) R= 8x³-­‐27y³ ; B) R= 7x-­‐1 ; C) R= x²-­‐64y²-­‐64=0 ; D) R= 2x³+3y³,A,0.7,UNAM,Matemáticas,
Simplifica: a su máxima expresión.,A) R= 7x-­‐1 ; B) R= x²-­‐64y²-­‐64=0 ; C) R= 8x³-­‐27y³ ; D) R= 2x³+3y³,A,0.5,UNAM,Matemáticas,
"Que expresión algebraica ayuda a resolver el siguiente problema: “Un avión puede cargar 950 kg de equipaje distribuidos en dos compartimentos, uno de los compartimentos acepta 150kg más que el otro.",A) 𝒙+𝐲=𝟗𝟓𝟎 ; B) R= x²-­‐64y²-­‐64=0 ; C) R= 7x-­‐1 ; D) R= 8x³-­‐27y³,A,0.6,UNAM,Matemáticas,
En qué puntos la función f(x)= no es continua,"A) R= x=3 , x=-­‐3 ; B) R= x²-­‐64y²-­‐64=0 ; C) R= 7x-­‐1 ; D) R= 8x³-­‐27y³",A,0.7,UNAM,Matemáticas,
La es igual a:,A) 𝑑 𝑎 𝑎!𝑏−𝑏′𝑎 ; B) R= x²-­‐64y²-­‐64=0 ; C) R= 7x-­‐1 ; D) R= 8x³-­‐27y³,A,0.8,UNAM,Matemáticas,
"El area debajo de la curva y=ex en el intérvalo (0,1) es igual:",A) R= e-­‐1u² ; B) R= x²-­‐64y²-­‐64=0 ; C) R= 7x-­‐1 ; D) R= 8x³-­‐27y³,A,0.7,UNAM,Matemáticas,
El dominio de la función f(x)= In x-­‐1 es:,A) R= x>1 ; B) R= x²-­‐64y²-­‐64=0 ; C) R= 7x-­‐1 ; D) R= 8x³-­‐27y³,A,0.6,UNAM,Matemáticas,
La similitud creciente entre especies derivadas de antepasados diferentes por adaptación a ambientes similares se denomina:,A) Coevolución ; B) Convergencia ; C) Divergencia ; D) Deriva genética ; E) Radiación adaptativa,B,0.5,UNAM,Biología,
Rama de la Biología que estudia las interacciones entre los seres vivos y su ambiente:,A) Geografía ; B) Zoología ; C) Ecología ; D) Embriología ; E) Biofísica,C,0.5,UNAM,Biología,
A continuación se muestra la gráfica del aumento de una población de grillos con respecto al tiempo que crecen en un ambiente sin limitación de alimentos. ¿Qué punto de la gráfica indica la llegada de un depredador?,A) Punto A ; B) Punto B ; C) Punto C ; D) Punto D ; E) Punto E,D,0.5,UNAM,Biología,
Secuencia de categorías en orden de mayor a menor generalidad.,"A) Especie, género, clase, familia, orden, reino, filum ; B) Reino, orden, clase, filum, familia, género, especie ; C) Reino, filum, clase, orden, familia, género, especie ; D) Especie, reino, filum, clase, orden, familia, género ; E) Género, especie, familia, orden, clase, filum, reino",B,0.5,UNAM,Biología,
La pérdida de la cubierta vegetal de una región trae como principal efecto,A) Erosión del suelo ; B) Contaminación ; C) Modificación del ciclo hídrico ; D) La eutrofización ; E) El aumento de CO2 en el aire,A,0.5,UNAM,Biología,
Los consumidores primarios son:,A) Autótrofos obligados ; B) Se alimentan de heterótrofos ; C) Se alimentan de organismos fotosintéticos ; D) Se encuentran en la base de la pirámide trófica. ; E) Desintegran la materia orgánica,C,0.5,UNAM,Biología,
Productores primarios:,A) Bacterias y hongos ; B) Corales y fitoplancton ; C) Hongos y algas ; D) Amibas y hongos ; E) Pastos y algas,B,0.5,UNAM,Biología,
Cuando el color de las flores es naranja se tiene la presencia de dos alelos iguales. A lo anterior se le conoce como,A) Aploide ; B) Homocigoto ; C) Hibrido ; D) Heterocigoto ; E) Diploide,B,0.5,UNAM,Biología,
Se ocupa del ordenamiento de los organismos en grupos de especies semejantes,A) Evolución ; B) Ecología ; C) Fisiología ; D) Genética ; E) Taxonomía,E,0.5,UNAM,Biología,
Una comunidad es un conjunto de,A) Poblaciones ; B) Especies ; C) Individuos ; D) Consumidores ; E) Productores,A,0.5,UNAM,Biología,
¿Cuál de las siguientes acciones evita la pérdida de la biodiversidad?,"A) La deforestación sobre ... ; B) La introducción de flora y fauna en ecosistemas diferentes ; C) La creación de áreas protegidas, zoológicos y jardines botánicos ; D) El consumo de aves en peligro de extinción y la deforestación ; E) La aplicación de insecticidas y fertilizantes para asegurar la producción agrícola",C,0.5,UNAM,Biología,
Relaciona el nombre de los presidentes con los eventos ocasionados,"A) I, III, IV ; B) I, VI, II ; C) I, c, e, f ; D) I, d, e, f ; E) I, a, c, e",A,0.5,UNAM,Historia,
Nombre con el que se conoce la primera gran crisis financiera mundial del capitalismo en el siglo XX,A) Domingo negro ; B) Quiebra de Washington ; C) Crisis de 1929 ; D) Crisis de los misiles,C,0.5,UNAM,Economía,
Política nacional impulsada desde la presidencia de Miguel de Madrid que es reafirmada por Carlos Salinas de Gortari.,A) Neoliberal ; B) Modernista ; C) Socialista ; D) Conservadora ; E) Monopolista,A,0.5,UNAM,Política,
Una característica de la Guerra Fría fue:,"A) Desarrollar un conflicto entre dos países, sin repercusiones en otras regiones del mundo. ; B) Propiciar la carrera armamentista entre los Estados Unidos de Norteamérica y la Unión de Repúblicas Socialistas Soviéticas. ; C) Fomentar una economía global. ; D) Promover la tolerancia ideológica en los Estados Unidos de América. ; E) Instaurar el uso de armas nucleares en guerras posteriores a 1945.",B,0.5,UNAM,Historia,
La organización de un Nuevo orden regional en el mundo corresponde a:,A) La guerra fría ; B) La globalización ; C) El nacionalismo ; D) El imperialismo ; E) El nacional socialismo,B,0.5,UNAM,Política,
"El reparto colonial de África se dio a partir de ________ en donde reconocieron los derechos de los países ocupados y regularon las ocupaciones futuras, la conquista militar fue relativamente fácil por la superioridad técnica de _________ y la parte más rica del continente quedó en manos de ___________.","A) Conferencia de Berlin, los ingleses, los franceses ; B) Conferencia de Bandung, los franceses, los ingleses ; C) Conferencia de Yalta, los franceses, los alemanes ; D) Conferencia de Potsdam, los alemanes, los franceses",A,0.5,UNAM,Historia,
Después de la Segunda Guerra mundial para evitar la guerra las naciones deciden crear:,A) La ONU ; B) La liga de las naciones ; C) Pacto de Varsovia ; D) OTAN,A,0.5,UNAM,Historia,
Ordena cronológicamente los siguientes acontecimientos: a. Proclamación del Estado de Israel. b. Acuerdos de Yalta. c. Independencia de los países africanos. d. Derrumbe del bloque soviético. e. Fundación de la ONU.,"A) b, e, a, c, d ; B) e, a, b, d, c ; C) a, d, c, e, b ; D) d, e, b, c, a",A,0.5,UNAM,Historia,
Región europea donde se encontró la causa inmediata para la Primera Guerra Mundial,A) La frontera Francoalemana ; B) Los Balcanes ; C) Las Repúblicas Bálticas ; D) El estrecho de Gibraltar ; E) El Benelux,B,0.5,UNAM,Historia,
"Movimiento que luchó por la abolición del régimen del Apartheid, la redistribución de las tierras, la formación de sindicatos obreros y la educación para todos los niños y adultos",A) Congreso Nacional Africano ; B) Movimiento Nacional Congoleño ; C) Quinta República ; D) Frente de Liberación Nacional ; E) Partido del Congreso Nacional Indio,A,0.5,UNAM,Historia,
"Del movimiento de un coche se obtuvo la siguiente gráfica de la distancia recorrida (d) en función del tiempo empleado (t); indica las secciones donde el movimiento es uniforme, acelerado o que el objeto está en reposo","A) Movimiento uniforme: II y III; movimiento acelerado: I; reposo IV ; B) Movimiento uniforme: I y III; movimiento acelerado: II; reposo IV ; C) Movimiento uniforme: III; movimiento acelerado: I; reposo: II y IV ; D) Movimiento uniforme: II, III; movimiento acelerado: I y IV",B,0.5,UNAM,Física,
¿Cuál de las siguientes gráficas representa un movimiento rectilíneo uniforme?,A) ; B) ; C) ; D),A,0.5,UNAM,Física,
"En una industria se requiere que el lapso de tiempo que transcurre desde que el producto se encuentra en una posición P, hasta que llega a Q, sea de 4 seg. Si el traslado del producto se efectúa por medio de una banda transportadora, ¿Cuál debe ser la rapidez de esta?",A) 2.5 m/s ; B) 25 m/s ; C) 250 m/s ; D) 0.25 m/s,A,0.5,UNAM,Física,
"Calcula la velocidad media de un corredor, primero recorre 40 metros en 80 s y luego se detiene 10 s y vuelve a correr 20 m en 10 s",A) 5 min/s ; B) 8 min/s ; C) 6 min/s ; D) 7min/s,C,0.5,UNAM,Física,
"¿Cuál es mayor aceleración en línea recta de un auto que en un intervalo de tiempo mismo intervalo de tiempo, un auto cuya rapidez aumenta de 50 m/s a 60 m/s pasa de cero a 10 m/s?",A) Es la misma porque la variación de la velocidad es la misma ; B) el auto porque tiene mayor potencia ; C) la bicicleta porque la variación de su velocidad es mayor ; D) el auto porque la variación de su velocidad es mayor,D,0.5,UNAM,Física,
Estimando la aceleración de la gravedad igual a Calcula el tiempo requerido para que una piedra lanzada directamente hacia arriba con una velocidad inicial de 39.2 m/s alcance su punto más alto.,A) 4.0 s ; B) 8.0 s ; C) 1.0 s ; D) 9.8 s,A,0.5,UNAM,Física,
Una pelota se lanza con una velocidad v0= 2 m/s formando un ángulo de 30° con la horizontal como se muestra en la figura: ¿Cuál de las siguientes afirmaciones es verdadera?,A) Los componentes de la velocidad de la pelota en el punto I es 0 m/s vertical y 2 m/s horizontal. ; B) Los componentes de la velocidad de la pelota en el punto I es 1 m/s vertical y 1 m/s horizontal. ; C) Los componentes de la velocidad de la pelota en el punto II es 0 m/s vertical. ; D) Los componentes de la velocidad de la pelota en el punto II es 0 m/s horizontal.,C,0.5,UNAM,Física,
"Un auto se mueve en línea recta hacia el sur desde el punto (x) hasta el punto (y) (Ver figura) recorriendo una distancia de un kilómetro en 1 minuto, entonces su rapidez es igual a:",A) 1 km/min al sur ; B) 1 km/min a 270° ; C) -1 km/min ; D) 1 km/min,D,0.5,UNAM,Física,
"La aceleración de la gravedad en la ciudad de México es de aproximadamente 9.78 m/s^2, ¿Cuál de las siguientes afirmaciones es cierta?",A) La velocidad media con la que caen los objetos es de 9.78 m/s^2 ; B) La velocidad de los objetos aumenta 9.78m/s cada segundo de caída ; C) La velocidad de los objetos que caen al tocar el piso es de 9.78 m/s ; D) La velocidad durante la caída es uniforme pero depende del peso de cada objeto,B,0.5,UNAM,Física,
"El movimiento de un objeto es representado por los vectores ā y b, para obtener la dirección del movimiento resultante ā + b, tendría q es calcular",A) θ = sin−1 ( b/ a ) ; B) α = tan−1 ( b/ a ) ; C) α = tan−1 ( a/ b ) ; D) θ = sin−1 ( a/ b ),B,0.5,UNAM,Física,
"Si sobre un objeto se aplican tres fuerzas de diferentes magnitudes y diferentes direcciones, ¿Cuál es la resultante sobre el objeto?",A) La suma aritmética de las tres fuerzas. ; B) El resultado de la fuerza mayor menos la fuerza menor. ; C) El promedio matemático de las tres fuerzas. ; D) La suma vectorial de las fuerzas,D,0.5,UNAM,Física,
"Una manzana se encuentra inmóvil sobre una mesa, esto se debe a que sobre la manzana:",A) no existe fuerza alguna. ; B) hay dos fuerzas y suman cero. ; C) solo existe una fuerza hacia abajo. ; D) solo existe una fuerza hacia arriba.,B,0.5,UNAM,Física,
¿Cuál es el peso en newtons de una masa de 10 kg?,A) 0.96 N ; B) 9.8 N ; C) 19.8 N ; D) 98 N,C,0.5,UNAM,Física,
La tercera ley de Newton establece que a toda fuerza de acción le corresponde una fuerza de reacción de,A) Mayor magnitud pero la misma dirección y sentido ; B) Igual magnitud pero diferente dirección y sentido opuesto ; C) Igual magnitud y dirección pero sentido opuesto ; D) Menor magnitud pero misma dirección y sentido,C,0.5,UNAM,Física,
"Si a un cuerpo se le aplica una fuerza constante de magnitud (F) y recorre una distancia (d) en un mismo sentido de la fuerza, entonces el trabajo mecánico producido por dicha fuerza está dado por:",A) F/d ; B) d/F ; C) F*d ; D) F/d^2,C,0.5,UNAM,Física,
"En el teorema del trabajo y la energía, ¿qué significa que el cambio de la energía cinética sea igual a cero en términos energéticos?",A) La cantidad de energía se conserva ; B) Las fuerzas aplicadas en el sistema están desequilibradas. ; C) El sistema es no conservativo. ; D) El sistema gana energía por fricción,A,0.5,UNAM,Física,
Un auto de prueba se desplaza con rapidez constante de 10 m/s alrededor de un camino circular de 50m de radio. Determine la aceleración centrípeta.,A) 20.0 m/s^2 ; B) 4.00 m/s^2 ; C) 2.00 m/s^2 ; D) 0.20 m/s^2,B,0.5,UNAM,Física,
"Dos bolas del mismo tamaño se dejan caer de un edificio al mismo tiempo. Si una pesa el doble de la otra, ¿Cómo será el tiempo que emplean las bolas al llegar al suelo?",A) El mismo tiempo para las dos bolas. ; B) La mitad del tiempo para la más pesada. ; C) La más pesada cae mucho más rápido aunque no emplea la mitad del tiempo. ; D) La más pesada cae más lento y utiliza el doble de tiempo que la primera.,A,0.5,UNAM,Física,
El enunciado: La fuerza de atracción de dos cuerpos es directamente proporcional al producto de sus masas e inversamente proporcional al cuadrado de la distancia que los separa. Se conoce como:,A) Tercera Ley de Newton. ; B) Primera Ley de Newton. ; C) Ley de la Gravitación Universal. ; D) Segunda Ley de Newton.,C,0.5,UNAM,Física,
Una fuerza de 10 N estira un resorte 4 cm de longitud. Si se aplican 15 N de fuerza al mismo resorte ¿cuánta longitud se estirará?,A) 25.00 cm ; B) 13.75 cm ; C) 6.25 cm ; D) 6.00 cm,C,0.5,UNAM,Física,
"¿Cuál es mayor aceleración en línea recta de un auto que en un intervalo de tiempo mismo intervalo de tiempo, un auto cuya rapidez aumenta de 50 m/s a 60 m/s o una bicicleta que pasa de cero a 10 m/s?",A) es la misma porque la variación de la velocidad es la misma ; B) el auto porque tiene mayor potencia ; C) la bicicleta porque la variación de su velocidad es mayor ; D) el auto porque la variación de su velocidad es mayor,D,0.5,UNAM,Física,
Una particula cargada en un acelerador lineal se mueve de acuerdo con la siguiente ecuación d = 4m + (4m/s) t + (0.4 m/s2) t2. ¿Cuánto tiempo tarda en recorrer una distancia de 20 m?,A) 13.06 s ; B) 7.87 s ; C) 10.99 s ; D) 13.66 s,A,0.5,UNAM,Física,
Un auto de prueba se desplaza con rapidez constante de 10 m/s alrededor de un camino circular de 50m de radio. Determine la aceleración centripeta.,A) 20.0 m/s2 ; B) 4.00 m/s2 ; C) 2.00 m/s2 ; D) 0.20 m/s2,B,0.5,UNAM,Física,
"La aceleración de la gravedad en la ciudad de México es de aproximadamente 9.78 m/s2, ¿Cuál de las siguientes afirmaciones es cierta?",A) La velocidad media con la que caen los objetos es de 9.78 m/s2 ; B) La velocidad de los objetos aumenta 9.78m/s cada segundo de caída ; C) La velocidad de los objetos que caen al tocar el piso es de 9.78 m/s ; D) La velocidad durante la caída es uniforme pero depende del peso de cada objeto,B,0.5,UNAM,Física,
"Si se unen dos ríos como se muestra en la figura. El ramal izquierdo tiene un ancho de 8m, una profundidad de 6m y el agua fluye con una velocidad de 2 m/s. El ramal derecho, tiene un ancho de 6m, una profundidad de 3m y el agua fluye con una velocidad de 2.5 m/s. la rama principal del río tiene un ancho de 10 m y la velocidad con la que fluye el agua es de 3.5 m/s. ¿Cuál es la profundidad del ramal principal?",A) 4.02 m ; B) 2.01 m ; C) 10.65 m ; D) 6.34m,D,0.5,UNAM,Física,
"El movimiento de un objeto es representado por los vectores a y b, para obtener la dirección del movimiento resultante a + b, tendría que calcular",A) θ = sin−1( b/ a) ; B) α = tan−1( b/ a) ; C) α = tan−1( a/ b) ; D) θ = sin−1( a/ b),B,0.5,UNAM,Física,
Si sobre un objeto se aplican tres fuerzas de diferentes magnitudes y diferentes direcciones ¿Cuál es la resultante sobre el objeto?,A) La suma aritmética de las tres fuerzas. ; B) El resultado de la fuerza mayor menos la fuerza menor. ; C) El promedio matemático de las tres fuerzas. ; D) La suma vectorial de las fuerzas,D,0.5,UNAM,Física,
"La potencia que requiere un montacargas para elevar un bloque de 2,000 N a una altura de 3 m en 15 segundos es:","A) 90,000 W ; B) 400 W ; C) 6,000 W ; D) 10,000 W",C,0.5,UNAM,Física,
La rapidez con la que se realiza el trabajo mecánico es la:,A) Potencia ; B) Energía ; C) Fuerza ; D) Velocidad,A,0.3,UNAM,Física,
Un elevador con una masa total de 500 kg es elevado hasta una altura de 20 m en 5 s. Calcula la potencia del motor que lo levanta.,"A) 51,836.7 W ; B) 25,918.4 W ; C) 23,061.2 W ; D) 20, 000.0 W",A,0.6,UNAM,Física,
"Dos niños de la misma masa se balancean cada uno en un columpio, en determinado momento se encuentran a la misma altura pero en extremos opuestos, como se muestra en la figura, ¿cuál de las siguientes afirmaciones acerca de las Energías Potenciales (EP) con respecto al piso es verdadera?",A) EP_A = EP_B ≠ 0 ; B) EP_A = EP_B/4 ; C) EP_A = 2EP_B ; D) EP_A = EP_B/2,A,0.4,UNAM,Física,
¿Qué efecto presenta la fuerza de fricción con el aire en la caída de un cuerpo?,A) Una resistencia al movimiento del cuerpo. ; B) Un empuñón al movimiento del cuerpo ; C) Una velocidad siempre variable del cuerpo ; D) Una velocidad constante del cuerpo,A,0.2,UNAM,Física,
Un proceso isotérmico es a...,A) Volumen constante ; B) Presión constante ; C) Temperatura constante ; D) Volumen variable,C,0.6,UNAM,Física,
¿A qué principio corresponde la siguiente afirmación? La presión se transmite con la misma intensidad en cualquier punto de un fluido.,A) Pascal ; B) Arquímedes ; C) Joule ; D) Kepler,A,0.7,UNAM,Física,
"Se ha estimado que la temperatura del Universo es de 2.726 °K, ¿Cuál es su equivalencia en °C?",A) -744.61 °C ; B) -275.87 °C ; C) -270.424 °C ; D) -36.907 °C,B,0.5,UNAM,Física,
La equivalencia de 37°C a grados Fahrenheit es:,A) 98.6 °F ; B) 310.15 °F ; C) 2.77 °F ; D) 275.92 °F,A,0.4,UNAM,Física,
"A una masa de 50g de material desconocido con temperatura inicial de 18°C, se aplicaron 34 cal y su Temperatura final fue de 24°C, ¿cuál es el valor de la capacidad térmica específica de dicho material?",A) 0.199cal/g °C ; B) 0.113cal/g °C ; C)0.093 cal/g °C ; D)0.033 cal/g °C,B,0.6,UNAM,Física,
"Dos balines metálicos con la misma cantidad de masa uno de cobre y otro de plomo son calentados simultáneamente con la misma fuente de calor y se observa que, después de cierto tiempo, el balín de plomo comienza a derretirse, esto se debe a que:","A) Ante un suministro de calor, el plomo se derrite y el cobre no ; B) La capacidad térmica específica del plomo es menor que la del cobre ; C) El calor latente de fusión del plomo es mayor que el del cobre ; D) El calor latente de fusión del plomo es menor que el del cobre",D,0.8,UNAM,Física,
"A una masa de 2g de mercurio (Ce=0.033 cal/g °C) cuya temperatura inicial era de 22 °C, se aplicó 1 cal, ¿cuál será su temperatura final?",A)37.15 °C ; B) 6.9 °C ; C) 1.452 °C ; D) 25.03 °C,A,0.5,UNAM,Física,
"Una moneda metálica está sobre el pasto de un jardín en un día soleado algunos minutos. Al momento de recogerla, percibes en tu mano que la moneda está más caliente que el pasto. Lo anterior se debe a que:",A) La capacidad térmica específica de la moneda es mayor ; B) La capacidad térmica específica del pasto es mayor ; C) La conductividad térmica de la moneda es mayor ; D) La conductividad térmica del pasto es mayor,C,0.6,UNAM,Física,
"Determina la temperatura de equilibrio de una mezcla de 2 litros de agua a 5°C con un litro de agua a 50°C, Considera que el calor específico del agua es 1 cal/g °C.",A) 20°C ; B) 20°C ; C) -20°C ; D) 40°C,A,0.5,UNAM,Física,
"¿Qué cantidad de calor es necesario aplicar a una masa de 4,000 g de hielo (Ce = 0.5 cal/g °C) para elevar su temperatura de –6 °C a 2°C?","A) 4,000 cal ; B) 8,000 cal ; C) 12,000 cal ; D) 16,000 cal",A,0.4,UNAM,Física,
"De acuerdo con los postulados de la Teoría Cinética, cuando un gas se dilata por aumento de temperatura entonces.",A) la distancia intermolecular aumenta porque disminuye el número de moléculas. ; B) la distancia intermolecular aumenta por la disminución de movimiento de las partículas. ; C) la distancia intermolecular aumenta por el aumento de movimiento de las partículas. ; D) las moléculas de gas aumentan su volumen,C,0.7,UNAM,Física,
"Si se vierte agua helada en un vaso de vidrio, la superficie exterior se empaña con una película de agua líquida. Este fenómeno se explica porque:",A) Se sublima la humedad del ambiente. ; B) Todo proceso de enfriamiento libera agua. ; C) Se condensa la humedad del ambiente. ; D) Se evapora la humedad del ambiente.,C,0.5,UNAM,Física,
La temperatura es directamente proporcional:,A) A la energía potencial que adquiere un sistema total de gases ; B) Al calor que se realiza en un sistema isotérmico ; C) Al trabajo que se realiza en un sistema isovolumétrico ; D) A la energía cinética promedio de las moléculas de un gas,D,0.6,UNAM,Física,
"De acuerdo con la teoría cinética molecular, ¿a qué se debe que al aumentar el volumen de un gas atrapado en un recipiente, disminuya la presión del gas?",A) chocan con mayor frecuencia con las paredes internas ; B) se golpean entre sí mismas con menor rapidez ; C) chocan con menor frecuencia con las paredes internas ; D) tienen menor movilidad dentro del recipiente,C,0.7,UNAM,Física,
"Por un tubo de radio 1.5 cm fluye agua a una velocidad de 7 m/s, ¿cuál será el gasto en su interior?",A) 4.9×10^-3 m^3/s ; B) 4.9×10^-3 m/s ; C) 4.9×10^-1 m^3/s ; D) 4.9×10^-6 m^3/s,A,0.6,UNAM,Física,
"En un fenómeno ondulatorio, el número de ciclos por unidad de tiempo, recibe el nombre de:",A) Amplitud de onda ; B) Longitud ; C) Frecuencia ; D) Periodo,C,0.4,UNAM,Física,
"Si una onda mecánica la ubicación de las partículas del medio ocurre en la misma dirección en la que se mueve, se trata de una onda:",A) oblicua. ; B) transversal. ; C) expandida. ; D) longitudinal.,D,0.5,UNAM,Física,
Si una radiodifusora de FM transmite 88.0 MHz. ¿Qué interpretación física se deduce de ello?,A) por cada hora emite 88 millones de pulsos ; B) por cada segundo emite 88 pulsos ; C) por cada minuto emite 88 millones de pulsos ; D) por cada segundo emite 88 millones de pulsos,D,0.6,UNAM,Física,
"Un barco de investigación oceanografía emite con un sonar, ondas ultrasónicas que se transmiten con una velocidad de 1600 m/s en el agua. ¿Qué profundidad tendrá el océano directamente debajo del barco, si el tiempo entre la salida de la señal y el regreso del eco es de 6 segundos?",A) 9600.0 m ; B) 4800.0 m ; C) 800.8 m ; D) 266.7 m,B,0.7,UNAM,Física,
En el diagrama se muestran dos pulsos A y B aproximándose uno a otro en un medio uniforme. ¿Cuál de los siguientes diagramas muestra mejor la superposición máxima de los dos pulsos?,A) ; B) ; C) ; D),C,0.6,UNAM,Física,
Relaciona los tipos de onda con la característica que les corresponde,A) I:a-II:b-III:c ; B) I:b-II:a-III:c ; C) I:b-II:c-III:a ; D) I:c-II:b-III:a,B,0.5,UNAM,Física,
"Una carga +Q, se encuentra en el centro de un círculo y, sobre el perímetro a una distancia R están situadas 12 cargas +q, como lo muestra la figura, ¿Cuál es la fuerza neta que experimenta +Q debido a las 12 cargas +q?",A) 0N ; B) 3N ; C) 6N ; D) 9N,A,0.8,UNAM,Física,
¿Cuál de los siguientes casos representa una onda longitudinal?,A) las olas del mar ; B) el sonido ; C) la cuerda vibrante de guitarra ; D) los rayos x,B,0.5,UNAM,Física,
Onda en que la vibración de las partículas del medio va en la misma dirección que el movimiento de la onda.,A) Onda estacionaria ; B) Onda electromagnética ; C) Onda transversal ; D) Onda longitudinal,D,0.4,UNAM,Física,
"Para saber si un cable puede producir una descarga eléctrica peligrosa para un ser humano, se debe medir la:",A) intensidad ; B) inductancia ; C) potencia ; D) resistencia,A,0.5,UNAM,Física,
¿Qué es la Geografía?,A) Disciplina del estudio del medio fisico. ; B) Ciencia que estudia las poblaciones humanas. ; C) Ciencia que estudia nuestro planeta con todas y cada una de las complejidades naturales y humanas. ; D) Disciplina que describe al ser humano y su relación con el medio.,C,0.2,UNAM,Geografía,
La geografía es una ciencia que estudia la interacción entre:,"A) la composición y estructura de la tierra. ; B) las representaciones de la tierra. ; C) los diferentes tipos de suelos. ; D) el medio físico, biológico y humano.",D,0.3,UNAM,Geografía,
Relaciona las subdivisiones de la geografía con el objeto de estudio que les corresponde.,A) I: a - II: b - III: c ; B) I: a - II: b - III: c ; C) I: b - II: b - III: a ; D) I: a - II: c - III: b,C,0.4,UNAM,Geografía,
La Geografía estudia hechos y fenómenos naturales y sociales por tanto es una ciencia:,A) natural ; B) social ; C) mixta ; D) exploratoria,C,0.2,UNAM,Geografía,
Rama de la geografía física que estudia los cambios dinámicos que ocurren en el relieve de la tierra.,A) Fisiográfica ; B) Geodesia ; C) Edafología ; D) Geomorfología,D,0.5,UNAM,Geografía,
6. Relaciona las ramas con las sub-ramas de la Geografía correspondientes.,"A) I: b,c; II: a,d ; B) I: a, II: d ; C) I: c,d; II: b ; D) I: c; II: b",A,0.6,UNAM,Geografía,
7. La geografía estudia fenómenos físicos y humanos tratando de establecer entre ellos:,A) abstracciones ; B) ponderaciones ; C) interrelaciones ; D),C,0.3,UNAM,Geografía,
8. ¿Cuáles son los rangos de valores de la latitud y longitud geográfica de los hemisferios?,"A) De 0° a 90° Norte y Sur, y de 0° a 360° Oeste y Este. ; B) De 0° a 90° Norte y Sur; y de 0° a 90° Este y Oeste. ; C) De 0° a 90° Norte y Sur; y de 0° a 180° Oeste y Este. ; D) De 0° a 90° Este y Oeste; y de 0° a 360° Norte y sur.",C,0.4,UNAM,Geografía,
10. Observa el mapa e identifica las coordenadas geográficas del lugar donde se hundió el Titanic en el océano Atlántico del norte,A) Latitud 41° N- longitud 50° W ; B) Latitud 41° S- longitud 50° W ; C) Latitud 50° N- longitud 41° W ; D) Latitud 41° W- longitud 50° N,A,0.5,UNAM,Geografía,
11. Un vuelo comercial sale de Valparaíso a Panamá. ¿Cuál es la latitud y la longitud de estas dos ciudades?,A) Valparaíso: 33° lat N - 72° long. E. Panamá: 9° lat S - 80° long W ; B) Valparaíso: 33° lat S- 72° long W - Panamá: 9° lat N - 80° long W ; C) Valparaíso:35 lat N - 70° long. E Panamá: 11° lat S - 73° long E ; D) Valparaíso: 72° lat S - 33° long E Panamá: 80° lat S - 10° long E,B,0.6,UNAM,Geografía,
"12. Observa el mapa y determina las coordenadas geográficas de Sydney, Australia.",A) 22° 54’ S - 43°6’ W ; B) 33°52’ S - 151°4’ E ; C) 48°52’ N - 02°19’ E ; D) 6° 10’ N - 149°52’ W,B,0.5,UNAM,Geografía,
13. Es la distancia en grados entre cualquier punto de la superficie terrestre respecto al ecuador. Su valor máximo es 90 grados:,A) meridiano ; B) latitud ; C) altitud ; D) longitud,B,0.4,UNAM,Geografía,
"14. Un avión sale de la Ciudad de México con destino a Filadelfia, localice la latitud y longitud de ambas ciudades.",A) D.F. 18° Latitud sur - 97° Longitud oeste. Filadelfia 41° Latitud norte - 74° Longitud oeste. ; B) D.F. 19° Latitud norte - 99° Longitud oeste. Filadelfia 40° Latitud norte - 75° Longitud oeste. ; C) D.F. 17° Latitud norte - 99° Longitud este. Filadelfia 40° Latitud norte - 75° Longitud este. ; D) D.F. 19° Latitud norte – 99° Longitud oeste. Filadelfia 17° Latitud norte - 75° Longitud oeste.,B,0.6,UNAM,Geografía,
"15. Si en el huso horario 0° son las 20:00 horas. ¿Qué hora será en la Ciudad de Tijuana, México, cuyo huso horario es de 120° W?",A) 13:00 hrs ; B) 10:00 hrs ; C) 11:00 hrs ; D) 12:00 hrs,C,0.5,UNAM,Geografía,
"16. En Banda Aceh, Indonesia (huso horario 90° E)  el 26 de diciembre de 2004 a las 7:55 de la mañana ocurrió un terremoto que generó un tsunami. ¿Qué hora y fecha tenía la Ciudad de México cuando ocurrió este hecho?",A) 26 de diciembre 7:58 de la noche ; B) 24 de diciembre 7:58 de la mañana ; C) 25 de diciembre 7:58 de la noche ; D) 24 de diciembre 6:58 de la tarde,A,0.6,UNAM,Geografía,
17. Considerando que el vuelo de Alan dura 11 horas saliendo de Baja California 120° W a las 8 horas con destino a Somalia 45° E. ¿A qué hora llegará a su destino?,A) 7 horas ; B) 17 horas ; C) 9 horas ; D),B,0.5,UNAM,Geografía,
"18. Si en el huso horario 150° E es lunes a las 4:00 horas, determina el día y la hora de un lugar en el huso horario 15° E.",A) Domingo a las 19:00 h. ; B) Viernes a las 14:00 h. ; C) Martes a las 14:00 h. ; D) Miércoles a las 12:00 h.,A,0.6,UNAM,Geografía,
19. Rama de la geografía física que estudia los cambios dinámicos que ocurren en el relieve de la tierra:,A) Climatología. ; B) Edafología. ; C) Hidrogeografía. ; D) Geomorfología,D,0.5,UNAM,Geografía,
"20. Cuando se hace referencia a la distribución espacial de los hechos y fenómenos geográficos, se aplica el principio de.",A) localización ; B) relación ; C) extensión ; D) conexión,A,0.4,UNAM,Geografía,
21. El choque de la Placa de Cocos y la Norteamericana producen sismos que afectan principalmente a,"A) Veracruz, Tabasco y Campeche ; B) Coahuila, Nuevo León y Tamaulipas. ; C) Michoacán, Guerrero y Oaxaca. ; D) Sonora, Baja California y Chihuahua",C,0.5,UNAM,Geografía,
22. La frecuente actividad sísmica en el sur y centro de México tiene su origen en:,A) Expansión de la placa de cocos y sudamericana. ; B) Hundimiento de la placa del pacífico y la de Sumatra. ; C) Subducción de la placa norteamericana y del caribe. ; D) Subducción de la placa norteamericana y la de cocos,D,0.6,UNAM,Geografía,
23. Placas tectónicas responsables de la gran sismicidad existente en el centro y sur de México.,A) Caribe y Pacífico. ; B) Cocos y Pacífico. ; C) Norteamericana y Cocos. ; D) Indica y Euroasiática,C,0.5,UNAM,Geografía,
24. La placa tectónica de mayor extensión es la:,A) Pacífica. ; B) Africana. ; C) Americana. ; D) Antártica,A,0.4,UNAM,Geografía,
25. Explica la existencia de fósiles marinos en el pico de los Himalaya,A) El choque de la placa del Pacífico con la del Atlántico. ; B) El choque de la placa Euroasiática con la India. ; C) El choque de la placa Euroasiática con la Europea. ; D) La subducción de la placa India en la Sudamericana,B,0.6,UNAM,Geografía,
26. La frecuente actividad sísmica en el centro y sur de México tiene su origen en:,A) El desplazamiento de la Falla de San Andrés ; B) El choque de las placas Rivera y Caribe ; C) El vulcanismo de Eje Volcánico Transversal ; D) La subducción de la placa de Cocos en la placa Norteamericana,D,0.5,UNAM,Geografía,
27. El desplazamiento de los continentes se explica como consecuencia de las corrientes de,A) magma ; B) fondo oceánico. ; C) fondo ; D) manto,D,0.4,UNAM,Geografía,
"28. Identifica en el siguiente mapa los sistemas montañosos que aparecen con los números I, II y III",A) I: Sierra Nevada; II: Apeninos; III: Zagros ; B) I: Altplanicie; II: Balcanes; III: Himalaya ; C) I: Sierra madre; II: Cárpatos; III: Urales ; D) I: Rocosas; II: Alpes; III: Caucaso,C,0.6,UNAM,Geografía,
"29. Es la capa externa de la Tierra, también conocida como litosfera:",A) Núcleo ; B) Corteza terrestre ; C) Manto ; D) Discontinuidad,B,0.4,UNAM,Geografía,
30. La dinámica del manto superior origina que en la superficie terrestre se formen:,"A) I, III y IV ; B) I, II y IV ; C) II, III y IV ; D) III, IV y V",B,0.5,UNAM,Geografía,
La existencia de aeropuertos internacionales en el sureste de México se relaciona con las actividades:,A) turistica y de negocios ; B) industrial y pesquera ; C) petrolera y ganadera ; D) industrial y turistica,D,0.5,UNAM,Geografía,
Ejemplos de la aplicación del conocimiento geográfico en la vida cotidiana de la población:,A) I y II ; B) I y IV ; C) II y IV ; D) III y V,A,0.5,UNAM,Geografía,
"Cuando el usuario de la lengua muestra sensibilidad sociolingüística para escoger el lenguaje apropiado a su comunicación, reconocemos una propiedad textual denominada",A) Lengua culta ; B) Coherencia ; C) Lógica gramatical ; D) Adecuación,D,0.5,UNAM,Literatura,
¿En qué ejemplo se encuentra la función emotiva de la lengua?,"A) No llamar a los objetos por su nombre, sino por lo que sugiere su forma y significado. ; B) Una paráfrasis puede hacerse mecánicamente sustituyendo las palabras y expresiones por términos sinónimos. ; C) Yo soy ardiente, yo soy el símbolo de la pasión, de ansia, de goces y de alma será llena. ¿A mi me buscas? No, no, yo no soy el río de fuego que te arrastra. ; D) Querido Adolfo: Me dirijo a ti para pedirte que no me llames, que no me hables, que no mi",C,0.5,UNAM,Literatura,
... tu cuerpo tenebroso y radiante plasmado de una vez sin titubeos tu cuerpo infinitamente más tuyo que para ti mío y que entregas de una vez sin titubeos nada tu cuerpo pleno sin guardar nada tu cuerpo uno todo iluminado de generosidad. Entre las ideas e impresiones destaca aquella que sostiene que:,A) la mujer es considerada más frágil que el hombre ; B) el hombre que es definitivamente inferior a la mujer ; C) la mujer es más dueña de su cuerpo que el hombre del suyo ; D) el hombre es blanco generoso frente a la mujer,C,0.5,UNAM,Literatura,
Movimiento armónico que se encuentra en un poema.,A) ritmo ; B) rima ; C) aliteración ; D) verso,A,0.5,UNAM,Literatura,
"La Procuraduría Mexicana no descarta autoagresión de Ma. Luisa Ferrera: ""Es una hipótesis irracional"", responde la funcionaria. Lo anterior corresponde a un texto...",A) político ; B) periodístico ; C) discursivo ; D) polémico,B,0.5,UNAM,Literatura,
"¿En qué versos del siguiente poema de Sor Juana Inés de la Cruz aparece una metáfora?
Al que ingrato me deja, busco amante; 1
que me dejo ingrata; 2
Al que adoro a quien mi amor maltrata; 3
maltrajo a quien mi amor busca constante. 4
Al que trato de amor, hallo diamante; 5
y soy diamante al que de amor me trata; 6
triunfante quiero ver al que me mata, 7
y al que me quiere ver triunfante. 8
Si a éste pago, padece mi deseo; 9
Si ruego a éste, mi pundonor enojo: 10
si entre ambos modos infeliz me veo. 11
Pero, yo, por mejor partido escojo 12
de quien no quiero, ser violento empleo, 13
del que me odia, vil despojo, 14
que, de quien no me quiere, vil desprecio. 14","A) 1,3 y 7 ; B) 5 y 6 ; C) 7 y 14 ; D) 1 y 2",A,0.5,UNAM,Literatura,
"El naranja sus ramas de esmeralda y el plátano vivaz sus hojas tiende aquí y allí. De trecho en trecho pende la hiedra, que hace el vallejo.
Las palabras subrayadas forman:",A) una rima asonante ; B) una rima consonante ; C) una sílaba tónica ; D) un ritmo irregular,B,0.5,UNAM,Literatura,
¿Cuál de las siguientes expresiones es una metáfora?,"A) Fresco aroma de rosas... ; B) El amor es silencio más fino ; C) Ojos claros, serenos ; D) d... que aunque no hubiera cielo, yo te amara",A,0.5,UNAM,Literatura,
Constituye en el relato la parte que Sucede inmediatamente después del momento culminante de la narración:,A) Climax ; B) Desenlace ; C) Desarrollo ; D) Nudo,B,0.5,UNAM,Literatura,
"No te limites date el gusto de usar una computadora Dell. En la frase anterior, la función lingüística es la;",A) poética. ; B) apelativa. ; C) referencial. ; D) emotiva.,B,0.5,UNAM,Literatura,
"Identifica la función de la lengua del siguiente texto:
La ironía es un recurso retórico que consiste en expresar algo que debe ser interpretado en sentido opuesto.",A) poética ; B) apelativa ; C) referencial ; D) Sintomática,C,0.5,UNAM,Literatura,
Una leyenda es:,"A) una narración que parte de un hecho importante o representativo para una comunidad; se transmite de manera oral ; B) un relato corto, con personajes ficticios, generalmente dioses o héroes, y se transmite de forma oral ; C) una historia en la que los personajes son símbolos, sus temas son de tipo universal y se transmite de forma oral ; D) una narración en la que el héroe enfrenta el mal y se auxilia de un objeto mágico",A,0.5,UNAM,Literatura,
"A la narración en prosa, breve, se te denomina:",A) novela ; B) poesía ; C) drama ; D) cuento,D,0.5,UNAM,Literatura,
Los rasgos característicos de la novela son género:,"A) narrativo, prosa y estructura compleja ; B) narrativo, verso y estructura intensa ; C) dramático, prosa y tensión constante ; D) lírico, prosa y estructura narrativa",A,0.5,UNAM,Literatura,
El texto dramático es una obra que se elabora fundamentalmente con el objetivo de:,A) contarla ; B) leerla ; C) representarla ; D) recitarla,C,0.5,UNAM,Literatura,
